t,V,s,V_norm,ICa_true,ICa_nn
0.0,-65.0,0.011607316445304631,-0.65,-0.009970004834546511,0.41905691327905537
0.19569471624266144,-62.340083563323276,0.011680849279432819,-0.6234008356332328,-0.00995155576915823,0.14157774684867164
0.3913894324853229,-59.828970750004345,0.01191944159844363,-0.5982897075000434,-0.010219542875871646,-0.06320444174129491
0.5870841487279843,-57.2115911294851,0.012367788621524907,-0.572115911294851,-0.010842669610856004,-0.21044734839296098
0.7827788649706457,-54.094946714708435,0.013123801949080215,-0.5409494671470844,-0.011994039988597646,-0.3106585690489325
0.9784735812133072,-49.6470041398673,0.01445113604849675,-0.496470041398673,-0.01417131544705465,-0.36325737457376484
1.1741682974559686,-41.43330141168933,0.017366222209040567,-0.4143330141168933,-0.019474388392890552,-0.3702297403934711
1.36986301369863,-19.395566813710676,0.0290128061698738,-0.19395566813710677,-0.046934092681121094,-0.6339618867284926
1.5655577299412915,32.74771573873237,0.06317246041716586,0.3274771573873237,-0.13928116183020256,-2.9076869332568247
1.761252446183953,39.95258095085094,0.09909996043975548,0.39952580950850936,-0.31445194633326257,-3.2012654426575518
1.9569471624266144,33.59621315648537,0.13363939416747356,0.3359621315648537,-0.6172509464284385,-3.386988116932706
2.152641878669276,24.81023993221041,0.16679739895440032,0.24810239932210412,-1.0593239015195324,-3.5402833208601043
2.3483365949119372,15.050885673517907,0.19850675882481505,0.15050885673517908,-1.6542051399352564,-3.6320566615051
2.544031311154599,5.219863987642153,0.22847148244365065,0.05219863987642153,-2.396573350025954,-3.6313240376087634
2.73972602739726,-4.217797958177045,0.255853720644979,-0.042177979581770456,-3.252574787711954,-3.529612260213379
2.935420743639922,-13.095537230614932,0.2788714187986362,-0.13095537230614931,-4.140297013656244,-3.388698903544862
3.131115459882583,-21.42448713357255,0.2949625029922919,-0.2142448713357255,-4.9217349698183765,-3.347391737399806
3.3268101761252447,-29.362923382982025,0.30237006324455973,-0.29362923382982026,-5.46236074029409,-3.5510834995200717
3.522504892367906,-37.30295850155893,0.30176288977702603,-0.37302958501558936,-5.7296559178596995,-4.4025566013703665
3.7181996086105675,-45.97304630737557,0.29556284927591603,-0.4597304630737557,-5.799589376927012,-6.609845021939539
3.9138943248532287,-55.96855543174368,0.28635060036550963,-0.5596855543174368,-5.771533969701544,-7.758250395232496
4.109589041095891,-65.27866178885716,0.2760873084704425,-0.6527866178885716,-5.649087249467635,-7.226470398076867
4.305283757338552,-69.94952590586617,0.2658124981662694,-0.6994952590586617,-5.368451073010299,-6.780971179913664
4.500978473581213,-71.24325383317094,0.25584653158322695,-0.7124325383317094,-5.007318116077269,-6.134140813498725
4.6966731898238745,-71.57928700115174,0.24624542003576297,-0.7157928700115174,-4.646702491896988,-5.47224505107893
4.892367906066537,-71.70108338942156,0.2370079280230919,-0.7170108338942156,-4.307351422072571,-4.89743746439109
5.088062622309198,-71.75366199848374,0.22812305338035757,-0.7175366199848373,-3.991554006337567,-4.412730287999466
5.283757338551859,-71.76506716208644,0.21957848273206645,-0.7176506716208644,-3.698358846593573,-4.004007297083398
5.47945205479452,-71.74205838203306,0.21136202276550015,-0.7174205838203307,-3.4263465747654918,-3.6568835636697576
5.675146771037182,-71.68714105387716,0.20346185360579075,-0.7168714105387716,-3.1740880126118967,-3.359300653169962
5.870841487279844,-71.60181819730327,0.19586657427241363,-0.7160181819730327,-2.9402230123762476,-3.101598087130924
6.066536203522505,-71.48730027759407,0.1885652066826956,-0.7148730027759407,-2.723473102535956,-2.876092145139048
6.262230919765166,-71.34469195839722,0.18154718993767938,-0.7134469195839722,-2.522641131709747,-2.676611505687978
6.457925636007828,-71.17505290309379,0.17480237178600888,-0.7117505290309378,-2.3366079629486216,-2.4981112091805207
6.653620352250489,-70.97942369870947,0.1683209991319063,-0.7097942369870947,-2.1643284616377625,-2.336388507769394
6.8493150684931505,-70.75883964142125,0.1620937081923362,-0.7075883964142125,-2.004827351376454,-2.1878914745482163
7.045009784735812,-70.51433765213837,0.15611151451899388,-0.7051433765213837,-1.85719510641412,-2.049602462488494
7.240704500978474,-70.24696045393522,0.15036580309823405,-0.7024696045393521,-1.7205839783164636,-1.9189779249352856
7.436399217221135,-69.95775632709358,0.14484831856909114,-0.6995775632709358,-1.5942041634157216,-1.793928214513027
7.632093933463796,-69.647776564094,0.13955115569793083,-0.69647776564094,-1.4773201506525049,-1.6728222948856581
7.8277886497064575,-69.31806933059337,0.1344667501730523,-0.6931806933059338,-1.3692472454719575,-1.554503435308109
8.023483365949119,-68.96967086270627,0.1295878698662633,-0.6896967086270627,-1.269348283770219,-1.438302474322768
8.219178082191782,-68.60359349692412,0.12490760665809326,-0.6860359349692412,-1.1770305317339615,-1.3240364833734724
8.414872798434443,-68.22081054297718,0.12041936898737404,-0.6822081054297717,-1.0917427709004293,-1.2119830141968677
8.610567514677104,-67.82223811925837,0.1161168753504032,-0.6782223811925837,-1.012972566804486,-1.1028241210757868
8.806262230919765,-67.40871381031482,0.11199414902229003,-0.6740871381031482,-0.9402437164119698,-0.9975597803365472
9.001956947162427,-66.98097166458238,0.10804551432393864,-0.6698097166458239,-0.8731138673359943,-0.8973963096452691
9.197651663405088,-66.53961313368157,0.10426559489751501,-0.6653961313368157,-0.8111723039685568,-0.8036206266158867
9.393346379647749,-66.08507317133946,0.10064931459755341,-0.6608507317133946,-0.7540378951270013,-0.7174743875262592
9.58904109589041,-65.61758016127453,0.09719190179942473,-0.6561758016127454,-0.7013571979151904,-0.6400423618135385
9.784735812133073,-65.13710769905165,0.09388889820342589,-0.6513710769905166,-0.6528027138466727,-0.572166805563997
9.980430528375734,-64.64331529995603,0.09073617365927614,-0.6464331529995603,-0.6080712959182389,-0.5143948955109945
10.176125244618396,-64.13547343058863,0.08772994912267994,-0.6413547343058863,-0.5668827073040886,-0.4669607743949076
10.371819960861057,-63.61236594503528,0.08486683079582893,-0.6361236594503528,-0.5289783371964211,-0.429798768531958
10.567514677103718,-63.07215927426591,0.08214385995517494,-0.630721592742659,-0.4941200860780162,-0.40258081910469734
10.76320939334638,-62.51222172009797,0.07955858528589291,-0.6251222172009797,-0.4620894432523502,-0.3847694863030586
10.95890410958904,-61.9288662983335,0.0771091683492109,-0.6192886629833351,-0.43268679642352764,-0.37567785804082554
11.154598825831702,-61.31697368262635,0.07479453933390938,-0.6131697368262635,-0.4057310420668053,-0.37452876937250323
11.350293542074365,-60.66942208367225,0.07261463159961017,-0.6066942208367225,-0.3810596142001103,-0.38050717117500277
11.545988258317026,-59.97619431794983,0.07057074464804877,-0.5997619431794984,-0.3585291369041991,-0.3928005471467113
11.741682974559687,-59.222927224289464,0.06866612558647306,-0.5922292722428947,-0.3380170791256733,-0.4106216955555215
11.937377690802348,-58.38845285847319,0.0669069418978933,-0.5838845285847318,-0.3194251375666071,-0.4332043305223756
12.13307240704501,-57.440413748031155,0.06530400056344561,-0.5744041374803115,-0.30268584185118413,-0.4597509616930697
12.32876712328767,-56.326943514122625,0.06387600209699912,-0.5632694351412263,-0.287775703130691,-0.4892852969498396
12.524461839530332,-54.95969873945817,0.06265625780035997,-0.5495969873945817,-0.27474317892564276,-0.5202946775876516
12.720156555772995,-53.1758606216464,0.061708268371078026,-0.531758606216464,-0.2637752632617207,-0.5499091316049896
12.915851272015656,-50.642507718212485,0.061168058907562994,-0.5064250771821248,-0.25538572240411583,-0.5722168881239735
13.111545988258317,-46.57754547115316,0.06138888186655437,-0.4657754547115316,-0.25110530978485857,-0.5767992273489746
13.307240704500979,-38.77720566465247,0.06364105355156686,-0.3877720566465247,-0.25723073994501927,-0.568334996921708
13.50293542074364,-19.963539829163025,0.0748130524273759,-0.19963539829163024,-0.31334997063041115,-0.8450669324103561
13.698630136986301,18.2595615319801,0.10603654882506275,0.182595615319801,-0.45757760926102525,-2.917758958145691
13.894324853228962,30.02438474914524,0.14022546679182385,0.3002438474914524,-0.7076827426317854,-3.4024347259493677
14.090019569471623,23.320753956724005,0.17310637334215004,0.23320753956724005,-1.1588290181943994,-3.569404471874021
14.285714285714286,13.598778782866459,0.2045281971119192,0.13598778782866458,-1.7803811363697966,-3.652312005022292
14.481409001956948,3.404472645128656,0.23410453923668562,0.03404472645128656,-2.556004132771799,-3.6220697525761603
14.677103718199609,-6.377554784305821,0.2607516236815559,-0.06377554784305821,-3.4370352190714155,-3.4798017298469226
14.87279843444227,-15.476791286612704,0.2822749555396243,-0.15476791286612704,-4.3178702582224195,-3.3235874603495574
15.068493150684931,-23.91076401716563,0.2959654331661397,-0.23910764017165628,-5.042376297886214,-3.3190543130699464
15.264187866927593,-31.895619658748323,0.30072650122668476,-0.31895619658748325,-5.494758941125592,-3.63401026401365
15.459882583170254,-39.914682366185595,0.29811279102401095,-0.39914682366185594,-5.684726201582293,-4.831392434231957
15.655577299412915,-48.713410513007624,0.2908291539607471,-0.4871341051300762,-5.708019864668597,-7.0485192634600065
15.851272015655578,-58.439283105304824,0.2812714503000471,-0.5843928310530483,-5.646791679481478,-7.505563720763514
16.046966731898237,-66.37953246217447,0.27106301765862967,-0.6637953246217446,-5.477706353223757,-6.901925786610432
16.2426614481409,-69.90348354550284,0.26096449099525965,-0.6990348354550284,-5.173158179184174,-6.3891546663689445
16.438356164383563,-70.90992931827734,0.25119068772361236,-0.7090992931827733,-4.818319318835599,-5.759233173912522
16.634050880626223,-71.21161517174689,0.2417770967925791,-0.7121161517174689,-4.470999054874404,-5.159790811951293
16.829745596868886,-71.33357559474918,0.23272000095700848,-0.7133357559474918,-4.144943346519113,-4.644214945425093
17.025440313111545,-71.3878009999779,0.2240084787291228,-0.713878009999779,-3.8415205190711346,-4.208129360203848
17.22113502935421,-71.39900749962112,0.21563055869199535,-0.7139900749962113,-3.5597564780373268,-3.8380926296153692
17.416829745596868,-71.37402433906423,0.2075743859732259,-0.7137402433906423,-3.2983026578958263,-3.521510192960501
17.61252446183953,-71.3156562772594,0.19982845662717774,-0.713156562772594,-3.05580172311209,-3.2480236172507526
17.80821917808219,-71.22565675173593,0.19238166644228674,-0.7122565675173592,-2.8309585927902376,-3.0093413794348507
18.003913894324853,-71.10544805176191,0.18522331822729576,-0.7110544805176191,-2.6225536409019345,-2.7988103914498907
18.199608610567516,-70.95632395328641,0.17834311819802579,-0.7095632395328642,-2.4294431917612207,-2.6110132420201344
18.395303326810176,-70.7795189498139,0.17173116895613375,-0.707795189498139,-2.2505568763942683,-2.441456305644391
18.59099804305284,-70.5762367938151,0.16537796115497044,-0.705762367938151,-2.0848941232871634,-2.286352428961604
18.786692759295498,-70.34766464022739,0.159274364614454,-0.7034766464022739,-1.9315204325603361,-2.142483790675656
18.98238747553816,-70.09497981337279,0.15341161918885277,-0.7009497981337279,-1.7895636372714285,-2.0071270717356597
19.17808219178082,-69.81935217239133,0.14778132558595977,-0.6981935217239134,-1.6582102442880524,-1.8780238268079081
19.373776908023483,-69.52194298482581,0.14237543629261806,-0.6952194298482581,-1.5367018967853998,-1.753380417555852
19.569471624266146,-69.20390058002252,0.13718624670507462,-0.6920390058002251,-1.4243319801205667,-1.6318828380191164
19.765166340508806,-68.86635263871081,0.1322063866036438,-0.688663526387108,-1.3204423829108989,-1.5127124106161176
19.96086105675147,-68.51039565051441,0.12742881212301255,-0.6851039565051441,-1.2244204250488102,-1.3955492981031998
20.15655577299413,-68.13708120182379,0.12284679836780411,-0.6813708120182379,-1.1356959527485697,-1.280552972495907
20.35225048923679,-67.7473991357094,0.11845393288587322,-0.677473991357094,-1.05373860219299,-1.1683125417015727
20.54794520547945,-67.34225750230475,0.11424411026483325,-0.6734225750230475,-0.9780552306067601,-1.0597651923751945
20.743639921722114,-66.92245910723769,0.11021152819568009,-0.6692245910723769,-0.9081875121603304,-0.9560871786307379
20.939334637964777,-66.48867413821354,0.10635068543159885,-0.6648867413821354,-0.8437096942458635,-0.8585674919170518
21.135029354207436,-66.04140814782885,0.10265638221716747,-0.6604140814782885,-0.7842265101949832,-0.7684781799724973
21.3307240704501,-65.58096421116973,0.09912372394343673,-0.6558096421116972,-0.729371244464734,-0.6869562480758695
21.52641878669276,-65.10739753225786,0.09574812906033572,-0.6510739753225786,-0.6788039476968654,-0.6149099655215764
21.72211350293542,-64.6204597482014,0.09252534266495789,-0.646204597482014,-0.6322098002269917,-0.5529578936038106
21.91780821917808,-64.11952876658567,0.08945145773001076,-0.6411952876658568,-0.5892976249420847,-0.5014033311649317
22.113502935420744,-63.60351787621589,0.08652294680100747,-0.6360351787621589,-0.5497985547692337,-0.4602415522385854
22.309197651663403,-63.070754514678974,0.08373670830700436,-0.6307075451467897,-0.5134648661146368,-0.4291932659238107
22.504892367906066,-62.51881372230354,0.08109013372329163,-0.6251881372230355,-0.4800689991486819,-0.4077556551979402
22.70058708414873,-61.9442825338275,0.07858120524544414,-0.619442825338275,-0.44940280126666987,-0.39526205335462095
22.89628180039139,-61.34241669192438,0.07620863939782449,-0.6134241669192437,-0.42127705558328815,-0.39094227892740463
23.091976516634052,-60.70662504895061,0.07397210204483615,-0.6070662504895061,-0.39552140012136494,-0.3939771444082787
23.28767123287671,-60.02766964014825,0.07187253858339764,-0.6002766964014825,-0.37198482257566295,-0.4035418686656449
23.483365949119374,-59.292379484080406,0.06991269807663923,-0.592923794840804,-0.35053706649248756,-0.41883308225549243
23.679060665362034,-58.48149248908053,0.06809800027186456,-0.5848149248908053,-0.33107157733850684,-0.43907147017371884
23.874755381604697,-57.565857968795044,0.06643804541187875,-0.5756585796879504,-0.3135112645440106,-0.4634632945785988
24.07045009784736,-56.499363672568165,0.06494941793113566,-0.5649936367256817,-0.2978198646849893,-0.49108194398067617
24.26614481409002,-55.20478636557655,0.06366134299627994,-0.5520478636557655,-0.2840256419826698,-0.520579068145242
24.461839530332682,-53.542935282790886,0.0626283852007417,-0.5354293528279088,-0.27227599779514483,-0.5495195573224247
24.65753424657534,-51.23762036037386,0.061963418872927084,-0.5123762036037386,-0.2629843590932929,-0.5729738220901606
24.853228962818005,-47.66595784169606,0.06194301614442794,-0.4766595784169606,-0.2573295036174451,-0.5816942506892318
25.048923679060664,-41.16459294076999,0.0634667868018931,-0.41164592940769995,-0.25967052125659795,-0.5713190500186283
25.244618395303327,-26.41104557809133,0.0710202379866065,-0.2641104557809133,-0.2953915583697224,-0.6857986389340951
25.44031311154599,8.216342513518057,0.09815547817576173,0.08216342513518057,-0.43079176514036277,-2.454901512070359
25.63600782778865,29.70907492594776,0.13251843629164026,0.2970907492594776,-0.6342444843700484,-3.3441452837023817
25.831702544031312,25.008103617140737,0.16570885204448751,0.25008103617140737,-1.043369090281818,-3.534449269618875
26.027397260273972,15.628589183376073,0.19747553188353598,0.15628589183376074,-1.6280514663107803,-3.6358958090720916
26.223091976516635,5.395575814763479,0.22751087622830207,0.053955758147634786,-2.3728249535440895,-3.627508979262295
26.418786692759294,-4.545730093715869,0.2549016178716548,-0.04545730093715869,-3.2369352948343515,-3.498368820752277
26.614481409001957,-13.818098677860325,0.27765641819490583,-0.13818098677860324,-4.126580106125001,-3.326241731744668
26.810176125244617,-22.39247888930801,0.29301416455703166,-0.2239247888930801,-4.8901735470402015,-3.27574473443926
27.00587084148728,-30.445758434245526,0.2994141664651366,-0.3044575843424553,-5.394915275970059,-3.502744778018089
27.201565557729943,-38.40454887085506,0.2979994509898336,-0.3840454887085506,-5.626762290565339,-4.441756149519772
27.397260273972602,-46.98285434010453,0.2914193145868413,-0.4698285434010453,-5.672422050318556,-6.615746495001231
27.592954990215265,-56.58807619217092,0.28217814510904227,-0.5658807619217092,-5.62429530305078,-7.52527977907279
27.788649706457925,-65.14969606745476,0.27205091455881597,-0.6514969606745475,-5.481297512490307,-6.929182154124584
27.984344422700588,-69.45542521149814,0.2619436479854411,-0.6945542521149813,-5.1997537934904665,-6.423039220125503
28.180039138943247,-70.7577930235924,0.25213962730474815,-0.707577930235924,-4.850924258151512,-5.813667488127641
28.37573385518591,-71.13524003837229,0.2426922966938197,-0.7113524003837228,-4.503111917821557,-5.212341192015436
28.571428571428573,-71.2804004133992,0.23360162883540353,-0.712804004133992,-4.175247232914279,-4.690385419709224
28.767123287671232,-71.34618287218349,0.22485741582294125,-0.713461828721835,-3.8698508303645522,-4.248158502589686
28.962818003913895,-71.36590678875696,0.21644781775864622,-0.7136590678875696,-3.5861709000112922,-3.87287982845905
29.158512720156555,-71.34831962357393,0.20836099098872568,-0.7134831962357393,-3.32290153743839,-3.5519155776254934
29.354207436399218,-71.2967202876942,0.20058541429550691,-0.712967202876942,-3.07869180187326,-3.2747720124806516
29.549902152641877,-71.2130209850242,0.19310995792778513,-0.712130209850242,-2.852244772069876,-3.033031884392643
29.74559686888454,-71.098711747926,0.1859238960744716,-0.71098711747926,-2.642336803090716,-2.819942969625461
29.941291585127203,-70.95512495795305,0.17901690491707503,-0.7095512495795304,-2.4478195464743964,-2.6300134202457306
30.136986301369863,-70.78352221006564,0.17237905629648498,-0.7078352221006564,-2.267617768297583,-2.458693719122115
30.332681017612526,-70.5851287698367,0.16600080974861378,-0.705851287698367,-2.1007260179012546,-2.3021528846392147
30.528375733855185,-70.36114958248204,0.15987300383456632,-0.7036114958248204,-1.946204982370748,-2.157135726651201
30.724070450097848,-70.11277751906177,0.1539868471771498,-0.7011277751906176,-1.803177801787283,-2.0208834901642216
30.919765166340508,-69.84119660679004,0.14833390940454674,-0.6984119660679003,-1.6708264424576025,-1.8911008994507519
31.11545988258317,-69.5475813992009,0.14290611213955706,-0.695475813992009,-1.5483881779425002,-1.7659540021676747
31.31115459882583,-69.23309303527417,0.13769572018752585,-0.6923309303527416,-1.4351522066241083,-1.6440841965040107
31.506849315068493,-68.89887233789064,0.13269533303906128,-0.6889887233789064,-1.3304564221928905,-1.5246244544756316
31.702544031311156,-68.54602951851713,0.12789787680958536,-0.6854602951851713,-1.2336843415817602,-1.4072047028185422
31.898238747553815,-68.17563101873203,0.1232965968196043,-0.6817563101873203,-1.144262199871299,-1.2919352466118008
32.093933463796475,-67.78868323354783,0.11888505099462161,-0.6778868323354783,-1.0616562109808483,-1.1793607336777967
32.28962818003914,-67.38611299821797,0.11465710434008793,-0.6738611299821797,-0.9853699933033864,-1.070382310384753
32.4853228962818,-66.96874465512875,0.11060692482038259,-0.6696874465512874,-0.9149421581998297,-0.96615170717266
32.681017612524464,-66.53727329797177,0.10672898106387652,-0.6653727329797177,-0.8499440579394504,-0.8679467757742225
32.87671232876713,-66.09223351562383,0.103018042445713,-0.6609223351562383,-0.7899776892416471,-0.7770420709839811
33.07240704500978,-65.63396257853168,0.09946918229006678,-0.6563396257853168,-0.7346737489646381,-0.6945893672791232
33.268101761252446,-65.16255628752587,0.09607778516312947,-0.6516255628752587,-0.6836898383239304,-0.6215212253297846
33.46379647749511,-64.67781496312153,0.09283955960552788,-0.6467781496312154,-0.6367088144296168,-0.558486455771078
33.65949119373777,-64.1791756960991,0.08975055819995621,-0.6417917569609909,-0.5934372902675795,-0.5058207981789007
33.85518590998043,-63.66562491029413,0.08680720765187358,-0.6366562491029413,-0.5536042874714124,-0.4635507499599516
34.05088062622309,-63.13558217677559,0.08400635280982856,-0.631355821767756,-0.5169600522875147,-0.431424369067928
34.24657534246575,-62.58674123303466,0.08134532050776085,-0.6258674123303466,-0.48327505411918364,-0.4089605959662155
34.44227005870842,-62.01584599473937,0.07882201230245797,-0.6201584599473937,-0.4523392004774468,-0.3955081608959645
34.63796477495108,-61.41836571821733,0.07643504055441386,-0.6141836571821733,-0.42396132653323254,-0.39030598280059614
34.833659491193735,-60.788009274290836,0.07418393151557907,-0.6078800927429083,-0.39796905665840066,-0.39253844157002504
35.0293542074364,-60.11597456765048,0.07206943605020368,-0.6011597456765049,-0.37420920903613486,-0.40138023067834894
35.22504892367906,-59.38974760202611,0.07009402017665939,-0.5938974760202611,-0.3525490499298935,-0.4160256654497605
35.420743639921724,-58.5911022515475,0.0682626711101325,-0.585911022515475,-0.3328789748971447,-0.4356950414067118
35.61643835616438,-57.69260805915794,0.06658428992320362,-0.5769260805915795,-0.31511777282586917,-0.4596030993180591
35.81213307240704,-56.651172105878935,0.06507425345108092,-0.5665117210587893,-0.29922295232738,-0.4868556819073202
36.007827788649706,-55.39527573008463,0.06375951168956355,-0.5539527573008463,-0.2852120350321767,-0.5161936430083625
36.20352250489237,-53.79752329816261,0.06268983676644084,-0.5379752329816261,-0.2732107934712079,-0.5454005247079348
36.39921722113503,-51.60896804280854,0.061966367766760566,-0.5160896804280855,-0.263579755902421,-0.5700268325229665
36.59491193737769,-48.27971547941076,0.06182967606144379,-0.4827971547941076,-0.25732720488497673,-0.5814746001232294
36.79060665362035,-42.38029129093424,0.06302405439874084,-0.42380291290934236,-0.25799184843352563,-0.5724180620409367
36.986301369863014,-29.431381131077377,0.06904501584540114,-0.2943138113107738,-0.2849485616039977,-0.6368353383386793
37.18199608610568,2.280520599087379,0.0932820105585575,0.022805205990873788,-0.4097359971541015,-2.090747539639122
37.37769080234834,29.11454611215194,0.12765946607534315,0.2911454611215194,-0.5924618893288196,-3.3025328421310878
37.573385518590996,26.091025411136407,0.16104290459914167,0.2609102541113641,-0.974204832820481,-3.512316313420847
37.76908023483366,17.008706388519375,0.19302268658325708,0.17008706388519376,-1.5348898582707269,-3.626152604234047
37.96477495107632,6.7970353879539225,0.2233378656156236,0.06797035387953923,-2.2586165941243777,-3.634264120871501
38.160469667318985,-3.2220541974397015,0.2511880924703003,-0.03222054197439701,-3.1099007682017588,-3.5191004365110574
38.35616438356164,-12.59650828049328,0.274742239587493,-0.1259650828049328,-4.003528710644845,-3.3431173921484296
38.551859099804304,-21.26266354087312,0.2912596426446925,-0.2126266354087312,-4.7934478483021845,-3.265641354394848
38.74755381604697,-29.369775058354563,0.29887548932614544,-0.29369775058354564,-5.3370751572451605,-3.4415155973592597
38.94324853228963,-37.304784344253996,0.29838532129135964,-0.37304784344253994,-5.602177080958051,-4.228162900646385
39.13894324853229,-45.75146190707404,0.29235401116668813,-0.45751461907074037,-5.66676851832674,-6.301395938526792
39.33463796477495,-55.252366022984134,0.28335864259906063,-0.5525236602298413,-5.628553624725174,-7.536872648530313
39.53033268101761,-64.19413208608407,0.27328643417352527,-0.6419413208608407,-5.502650506434241,-6.996644498708777
39.726027397260275,-69.10321063879148,0.2631568905746987,-0.6910321063879148,-5.238276107351149,-6.485281570116387
39.92172211350294,-70.65895176589981,0.2533119322600783,-0.7065895176589981,-4.893600227984352,-5.8888543100654065
40.11741682974559,-71.10044651141088,0.24382112668873468,-0.7110044651141088,-4.544272442519396,-5.281140003702305
40.31311154598826,-71.26341594247113,0.2346877350906011,-0.7126341594247113,-4.21378804574843,-4.749210643496176
40.50880626223092,-71.33718259280023,0.2259021442370206,-0.7133718259280023,-3.905710709087981,-4.298051671713132
40.70450097847358,-71.3625617172388,0.2174525945358538,-0.713625617172388,-3.6194797823082405,-3.9154149423876436
40.900195694716245,-71.34989656288029,0.20932722176555,-0.7134989656288029,-3.353819164036932,-3.588485153070102
41.0958904109589,-71.30286804154352,0.20151446267800702,-0.7130286804154352,-3.1073767659690676,-3.3065091715801707
41.291585127201564,-71.22349625060156,0.19400314065741717,-0.7122349625060156,-2.8788482107842595,-3.0608458325044525
41.48727984344423,-71.11330909530326,0.1867824821886413,-0.7111330909530327,-2.66700118514747,-2.844569483479461
41.68297455968689,-70.97365549414067,0.1798421160296997,-0.7097365549414067,-2.470678637621664,-2.652058530408918
41.87866927592955,-70.80580582130233,0.17317206727669987,-0.7080580582130233,-2.2887969153140233,-2.4786661710140843
42.07436399217221,-70.61099067509234,0.16676274956967746,-0.7061099067509233,-2.120342527916383,-2.320485929254728
42.27005870841487,-70.39041851536372,0.16060495650487663,-0.7039041851536372,-1.9643685306854357,-2.1742001362327823
42.465753424657535,-70.14528512951361,0.15468985273000999,-0.7014528512951361,-1.8199908491312398,-2.036993836470944
42.6614481409002,-69.87677677498252,0.14900896487976384,-0.6987677677498252,-1.6863846394955118,-1.9065170983059554
42.857142857142854,-69.58607063733903,0.14355417258737121,-0.6958607063733904,-1.5627807660253017,-1.7808798443224383
43.05283757338552,-69.27433098259033,0.13831769963560417,-0.6927433098259033,-1.448462400720282,-1.6586646692841223
43.24853228962818,-68.94270277067803,0.13329210543004336,-0.6894270277067802,-1.3427617789397557,-1.5389435163850527
43.44422700587084,-68.59230182239614,0.12847027688099932,-0.6859230182239614,-1.245057110265562,-1.4212850744946
43.639921722113506,-68.22420198174632,0.12384542089204327,-0.6822420198174632,-1.1547696543924846,-1.3057414742059468
43.83561643835616,-67.83941929125666,0.11941105764985187,-0.6783941929125666,-1.0713609636423818,-1.1928062415644476
44.031311154598825,-67.4388929215523,0.11516101494862006,-0.674388929215523,-0.9943302900189485,-1.0833404537696785
44.22700587084149,-67.02346271076144,0.11108942386956192,-0.6702346271076144,-0.9232121551685941,-0.9784700521629954
44.42270058708415,-66.5938429456882,0.10719071622357611,-0.665938429456882,-0.8575740800158951,-0.8794631600452423
44.61839530332681,-66.15059175575007,0.10345962428987898,-0.6615059175575007,-0.7970144703180848,-0.7876006034935905
44.81409001956947,-65.69407512330729,0.09989118356570288,-0.6569407512330728,-0.7411606546458613,-0.7040545136918723
45.00978473581213,-65.22442381343784,0.09648073945822633,-0.6522442381343784,-0.6896670709911606,-0.6297884901428663
45.205479452054796,-64.7414808543103,0.09322395921173264,-0.647414808543103,-0.6422136006469171,-0.565488799336773
45.40117416829746,-64.24473589385653,0.0901168508853218,-0.6424473589385653,-0.5985040501330469,-0.5115306430889142
45.596868884540115,-63.73324079590412,0.0871557919307805,-0.6373324079590412,-0.55826478487943,-0.46797806452828894
45.79256360078278,-63.205497915607836,0.08433757110204429,-0.6320549791560783,-0.5212435241940847,-0.4346117491222774
45.98825831702544,-62.659307809680435,0.0816594492662268,-0.6265930780968043,-0.48720831549414517,-0.4109764603460935
46.183953033268104,-62.091555495097616,0.07911924766812596,-0.6209155549509762,-0.45594671925669567,-0.396439161167919
46.37964774951077,-61.49790156488475,0.07671547720994686,-0.6149790156488475,-0.4272652586634926,-0.39024958447571656
46.57534246575342,-60.872322453658605,0.07444753090872609,-0.608723224536586,-0.4009892259551833,-0.39159643393999133
46.771037181996086,-60.206403173167274,0.07231597720425641,-0.6020640317316728,-0.3769630027083808,-0.3996538034743651
46.96673189823875,-59.48821078435493,0.07032302101492875,-0.5948821078435493,-0.35505117842710904,-0.4136128019913521
47.16242661448141,-58.70042869420635,0.06847325681778349,-0.5870042869420635,-0.3351409955452717,-0.4326914882770314
47.35812133072407,-57.817121340631545,0.06677496041038156,-0.5781712134063155,-0.3171471733312743,-0.45610962708479796
47.55381604696673,-56.79780122601627,0.06524244351937773,-0.5679780122601626,-0.3010213418809254,-0.48299788302271196
47.74951076320939,-55.57580934977353,0.06390068629559113,-0.5557580934977353,-0.2867713200328398,-0.5121694683260127
47.945205479452056,-54.03364172035125,0.06279540032779918,-0.5403364172035124,-0.2745041194931265,-0.5415882616186032
48.14090019569472,-51.94480269204364,0.06201804142218164,-0.5194480269204363,-0.2645362165933667,-0.5672066186248692
48.336594911937375,-48.818068554228475,0.06178065494052317,-0.4881806855422848,-0.25774125239550033,-0.5810391576469964
48.53228962818004,-43.40666612760561,0.06271162818043674,-0.4340666612760561,-0.25705491595977004,-0.5740801308517529
48.7279843444227,-31.88904164897962,0.06759141717315287,-0.3188904164897962,-0.27756809055430604,-0.6080832853785427
48.923679060665364,-3.1647018675223446,0.08890015077166405,-0.031647018675223446,-0.38935992206009884,-1.7285320072846346
49.11937377690802,28.020854545837068,0.12314763757844602,0.2802085454583707,-0.55795802907779,-3.2559118870682804
49.31506849315068,27.05002917437183,0.1567075972294855,0.2705002917437183,-0.9130390502973464,-3.4909982651185256
49.510763209393346,18.31120513967867,0.18888129285100244,0.18311205139678668,-1.451145586193952,-3.6162586854853016
49.70645792563601,8.144364295814743,0.2194452656744379,0.08144364295814743,-2.1546180475032783,-3.6400748357823876
49.90215264187867,-1.9383522088524918,0.2476984079462097,-0.019383522088524917,-2.9925867156026236,-3.539924469686076
50.09784735812133,-11.407015439325086,0.27196459649372356,-0.11407015439325086,-3.887794384232604,-3.3640287908116386
50.29354207436399,-20.162066700029253,0.2895581452854091,-0.20162066700029255,-4.700694815003486,-3.2638830688135725
50.489236790606654,-28.32676100564077,0.2983582516778431,-0.2832676100564077,-5.281479661835832,-3.3965048275607357
50.68493150684932,-36.25138819662658,0.2988035533809596,-0.36251388196626577,-5.58027229682467,-4.057837907724249
50.88062622309198,-44.58534203335778,0.29334247623236015,-0.44585342033357783,-5.665014856474605,-5.990374845981493
51.076320939334636,-53.9636995902353,0.28461198065089827,-0.539636995902353,-5.636700784230095,-7.518671155993745
51.2720156555773,-63.197510333782944,0.2746049486127278,-0.6319751033378295,-5.525814189196098,-7.0773700618930055
51.46771037181996,-68.70910999967526,0.2644541238890602,-0.6870910999967527,-5.279022892008213,-6.552022297066893
51.663405088062625,-70.55047920891701,0.25456584641495206,-0.7055047920891702,-4.939355783486252,-5.969944279366938
51.85909980430528,-71.06588666958527,0.24502853420582968,-0.7106588666958527,-4.588560576177253,-5.356031529439889
52.054794520547944,-71.24847576468765,0.23584936929899908,-0.7124847576468766,-4.2552728482133055,-4.813254771625014
52.25048923679061,-71.33038269618766,0.22701944859938158,-0.7133038269618766,-3.944301098134882,-4.352263141577569
52.44618395303327,-71.36126965997641,0.2185271094859472,-0.7136126965997641,-3.6553138977717565,-3.961525418257655
52.64187866927593,-71.35333456880753,0.2103604661744454,-0.7135333456880752,-3.387070803210562,-3.62804519978872
52.83757338551859,-71.31069100039802,0.20250790929581103,-0.7131069100039802,-3.1382187414423584,-3.340781448535494
53.03326810176125,-71.23547702330112,0.1949582108725239,-0.7123547702330112,-2.907445055167145,-3.0908404411178987
53.228962818003914,-71.1292593374743,0.18770054527246943,-0.7112925933747429,-2.693507794607523,-2.8710997525885507
53.42465753424658,-70.99340254643116,0.18072448961587426,-0.7099340254643116,-2.495240270951869,-2.67579024152238
53.62035225048923,-70.82918459881296,0.17402001824627616,-0.7082918459881296,-2.311549540887336,-2.5001545873330997
53.816046966731896,-70.63784016170176,0.1675774950958148,-0.7063784016170176,-2.141413267854506,-2.3402010187762734
54.01174168297456,-70.42058030493153,0.161387665182027,-0.7042058030493153,-1.98387613416821,-2.1925420166858895
54.20743639921722,-70.17860195136699,0.15544164570038713,-0.7017860195136698,-1.8380461562278267,-2.054300808584869
54.403131115459885,-69.91309295872792,0.14973091701741115,-0.6991309295872792,-1.7030910511627213,-1.9230682471098435
54.59882583170254,-69.62523174421828,0.1442473136257974,-0.6962523174421829,-1.5782346847718867,-1.796894346275801
54.794520547945204,-69.3161847493369,0.13898301530143123,-0.693161847493369,-1.4627536628718116,-1.6742995208278515
54.99021526418787,-68.98710002093576,0.13393053850293896,-0.6898710002093575,-1.3559740624849852,-1.554291552387939
55.18590998043053,-68.63909789406738,0.12908272820597558,-0.6863909789406738,-1.2572683235289783,-1.4363748835416494
55.38160469667319,-68.2732586472416,0.12443275030995528,-0.6827325864724161,-1.1660523042251962,-1.320540546599938
55.57729941291585,-67.89060700400529,0.11997408480430995,-0.6789060700400529,-1.0817825015203175,-1.207228157524436
55.77299412915851,-67.4920934663076,0.11570051993833208,-0.6749209346630759,-1.0039534368758387,-1.0972561833934051
55.968688845401175,-67.07857231709245,0.11160614770261502,-0.6707857231709246,-0.9320952055172983,-0.9917226368386753
56.16438356164384,-66.65077595634557,0.10768536101827647,-0.6665077595634556,-0.8657711859887727,-0.8918843360260738
56.360078277886494,-66.20928493509267,0.10393285314589643,-0.6620928493509267,-0.8045759059762435,-0.7990274929834289
56.55577299412916,-65.75449269387168,0.10034361998641299,-0.6575449269387168,-0.7481330604379688,-0.7143444610314749
56.75146771037182,-65.2865635465941,0.09691296618943805,-0.652865635465941,-0.6960936791895656,-0.6388304654155803
56.94716242661448,-64.80538160847806,0.09363651631512501,-0.6480538160847806,-0.6481344420504788,-0.5732104226951122
57.142857142857146,-64.31048712478001,0.09051023276207111,-0.6431048712478001,-0.6039561413773152,-0.5179006217268949
57.3385518590998,-63.80099491574439,0.08753044290656238,-0.6380099491574439,-0.5632822956220082,-0.47300450151244
57.534246575342465,-63.275486860369064,0.08469387899949067,-0.6327548686036907,-0.5258579226020803,-0.4383372510374688
57.72994129158513,-62.73186593878544,0.08199773609470744,-0.6273186593878544,-0.4914484890944969,-0.4134711903288508
57.92563600782779,-62.16715214691197,0.0794397560918031,-0.6216715214691196,-0.4598390660686698,-0.39779298374574523
58.12133072407045,-61.57718865594235,0.07701835062880341,-0.6157718865594235,-0.43083373969879163,-0.3905643023039591
58.31702544031311,-60.95620588812306,0.07473278357297075,-0.6095620588812306,-0.40425536344467106,-0.39097893395206107
58.51272015655577,-60.29615416718699,0.07258344814179227,-0.6029615416718699,-0.37994579832425746,-0.398210759064078
58.708414872798436,-59.58564642832839,0.07057230048092919,-0.5958564642832839,-0.3577669040209645,-0.4114475966186042
58.9041095890411,-58.80821713389719,0.06870356420995903,-0.5880821713389719,-0.33760276919762944,-0.42990447019812805
59.099804305283755,-57.93931808934323,0.06698493071342136,-0.5793931808934323,-0.3193641316882755,-0.4528042979587408
59.29549902152642,-56.940857144909934,0.0654297267359692,-0.5694085714490993,-0.30299700177706124,-0.4792984637036941
59.49119373776908,-55.75061018774355,0.06406113126195276,-0.5575061018774354,-0.2885001479031986,-0.5082628381969574
59.68688845401174,-54.259962569406056,0.06292121307564107,-0.5425996256940606,-0.2759635871671901,-0.5378211154416856
59.88258317025441,-52.262311398439984,0.06209291748268625,-0.5226231139843999,-0.26566503145254317,-0.5642875435871328
60.07827788649706,-49.317295868870026,0.061764067404187085,-0.49317295868870026,-0.25836464962314365,-0.5802858372953263
60.273972602739725,-44.33272794661354,0.06246947642489087,-0.44332727946613537,-0.25651914754113947,-0.5759124525525383
60.46966731898239,-34.03963497405814,0.0664373517749273,-0.34039634974058136,-0.2719675556583127,-0.5902067887150526
60.66536203522505,-8.322783561671713,0.08476648893576777,-0.08322783561671714,-0.3688180376338878,-1.397863312794323
60.86105675146771,26.24475172793168,0.1186580528739688,0.2624475172793168,-0.5280195644029069,-3.1964325198563444
61.05675146771037,27.909651583386168,0.15238992193538353,0.2790965158338617,-0.8554341829622188,-3.468599248110877
61.25244618395303,19.586916838972677,0.18475251662934805,0.19586916838972676,-1.3709796844102438,-3.6048592794693093
61.448140900195696,9.488818398231155,0.2155521402164694,0.09488818398231155,-2.0538602627898994,-3.643868904698749
61.64383561643836,-0.6484974952862946,0.2441773721159603,-0.006484974952862947,-2.8773503144313555,-3.5594777827670594
61.839530332681015,-10.209283411860673,0.2691036940638444,-0.10209283411860673,-3.7717357580958524,-3.3865758349417057
62.03522504892368,-19.05478359979454,0.28772868435194493,-0.1905478359979454,-4.604815611808073,-3.266588922676723
62.23091976516634,-27.282592190664452,0.2977170716007006,-0.2728259219066445,-5.221783812611033,-3.3600962713285814
62.426614481409004,-35.2082091997181,0.2991390789239103,-0.352082091997181,-5.555472261958906,-3.9141560881455426
62.62230919765166,-43.44327750774657,0.29429170371576463,-0.4344327750774657,-5.662172449961609,-5.676410317757176
62.81800391389432,-52.683608350079766,0.2858588676735676,-0.5268360835007977,-5.644356607698262,-7.45927486069573
63.013698630136986,-62.13238060629099,0.2759352952302785,-0.6213238060629098,-5.547044703748803,-7.164591187886376
63.20939334637965,-68.25132621028713,0.2657688126409675,-0.6825132621028713,-5.318707021193258,-6.617242277780283
63.40508806262231,-70.42277695572798,0.25583791404653955,-0.7042277695572798,-4.985499722544135,-6.051595099622139
63.60078277886497,-71.02691062882023,0.24625367378240376,-0.7102691062882023,-4.6336153630391435,-5.433014771637872
63.79647749510763,-71.23229751609445,0.2370281169447985,-0.7123229751609444,-4.297550282308923,-4.879335794159412
63.992172211350294,-71.32300475721658,0.22815323017236092,-0.7132300475721658,-3.9836431503419516,-4.408189561502766
64.18786692759295,-71.35955003720358,0.21961748112592547,-0.7135955003720358,-3.6918491280909858,-4.009044012096126
64.38356164383562,-71.35638544362487,0.21140896850532395,-0.7135638544362487,-3.4209739311351077,-3.6687613239867316
64.57925636007828,-71.3181412890646,0.20351603755833036,-0.713181412890646,-3.1696654136307623,-3.376009261918001
64.77495107632095,-71.2470930568599,0.1959274085497542,-0.712470930568599,-2.9366028945388245,-3.12163135387494
64.9706457925636,-71.14485151168735,0.18863220308308987,-0.7114485151168735,-2.720534703109922,-2.898298655904526
65.16634050880626,-71.01279858995221,0.18161994593769487,-0.7101279858995221,-2.520284352563976,-2.7000867606558776
65.36203522504893,-70.85222029505125,0.17488055999518562,-0.7085222029505125,-2.3347494330714573,-2.5221222260658234
65.55772994129158,-70.66435557273529,0.16840435878688279,-0.7066435557273529,-2.1628985895134236,-2.360324148771859
65.75342465753425,-70.45041775701625,0.16218203806107548,-0.7045041775701626,-2.0037679614248605,-2.211232715303095
65.94911937377691,-70.21160541253373,0.15620466692689744,-0.7021160541253373,-1.856457505890733,-2.0719078237632838
66.14481409001957,-69.94910743388975,0.15046367883582945,-0.6994910743388975,-1.7201273481012738,-1.939880344090514
66.34050880626224,-69.66410363574477,0.14495086254138884,-0.6966410363574477,-1.5939942197565127,-1.8131399647741278
66.53620352250489,-69.35776227416629,0.13965835321948608,-0.6935776227416629,-1.4773280285329569,-1.6901446836937888
66.73189823874755,-69.03123430887217,0.13457862383440763,-0.6903123430887217,-1.3694485719826819,-1.5698377950102502
66.92759295499022,-68.68564433907208,0.12970447690038814,-0.6868564433907208,-1.2697224066809827,-1.451658905476581
67.12328767123287,-68.32207869121892,0.1250290368064861,-0.6832207869121892,-1.1775598825081797,-1.3355369628790452
67.31898238747554,-67.94157034607353,0.12054574287234698,-0.6794157034607353,-1.0924123415993496,-1.2218562337995849
67.5146771037182,-67.54508069754097,0.11624834337180232,-0.6754508069754097,-1.0137694826519068,-1.1113907299562786
67.71037181996086,-67.13347800527582,0.11213089082269365,-0.6713347800527582,-0.9411568889761815,-1.0052084280533986
67.90606653620353,-66.70751222590978,0.10818773892546217,-0.6670751222590978,-0.8741337172423307,-0.9045526861234574
68.10176125244618,-66.26778564814546,0.10441354164545909,-0.6626778564814546,-0.8122905430712569,-0.8107131389969844
68.29745596868885,-65.81471840060563,0.10080325508924329,-0.6581471840060563,-0.7552473595146227,-0.7249008055913553
68.4931506849315,-65.34850745270663,0.09735214305757833,-0.6534850745270663,-0.7026517254401196,-0.6481415339129235
68.68884540117416,-64.86907688310212,0.09405578745930353,-0.6486907688310213,-0.654177061361409,-0.5811984956831342
68.88454011741683,-64.37601610548802,0.09091010523288559,-0.6437601610548802,-0.6095210925686213,-0.524529242140046
69.08023483365949,-63.86850104503703,0.08791137410834615,-0.6386850104503703,-0.56840444262515,-0.478277243915203
69.27592954990216,-63.34519060537797,0.08505627057911128,-0.6334519060537798,-0.5305693849891979,-0.4422931401960515
69.47162426614481,-62.80408663167474,0.08234192509238787,-0.6280408663167474,-0.49577876821352246,-0.4161779105331238
69.66731898238747,-62.24233894820904,0.0797660020735216,-0.6224233894820904,-0.46381514209773117,-0.39933903930592507
69.86301369863014,-61.65596569162749,0.07732681677093531,-0.6165596569162749,-0.4344801313592543,-0.39105115614816555
70.0587084148728,-61.039440042400805,0.07502350835637127,-0.610394400424008,-0.40759413649588666,-0.3905139517816263
70.25440313111547,-60.3850601800598,0.0728563019369817,-0.603850601800598,-0.3829964987471514,-0.39690163107473353
70.45009784735812,-59.681955740795445,0.07082691664718466,-0.5968195574079544,-0.360546371246243,-0.40939891559697017
70.64579256360078,-58.91446035163461,0.06893922525122788,-0.5891446035163461,-0.34012474645474033,-0.4272175192434631
70.84148727984345,-58.0593236464997,0.06720037000957488,-0.5805932364649969,-0.3216385083533485,-0.44958211021386596
71.0371819960861,-57.08067592817091,0.06562276184929847,-0.5708067592817091,-0.30502832600165913,-0.4756613745457159
71.23287671232876,-55.92035812087402,0.06422792666179858,-0.5592035812087403,-0.29028453373631796,-0.5043862936886416
71.42857142857143,-54.47783546162541,0.06305463059124189,-0.5447783546162541,-0.2774816239670388,-0.5340222952743794
71.62426614481409,-52.564255641850664,0.062178288091673466,-0.5256425564185067,-0.26686299470104885,-0.5612117681045419
71.81996086105676,-49.783828071718666,0.06176590346724994,-0.49783828071718667,-0.25909194383393164,-0.579171759926183
72.01565557729941,-45.17650515361456,0.06227566815059322,-0.45176505153614566,-0.2562388967469643,-0.5776472646589372
72.21135029354207,-35.9394723679947,0.06550692484543971,-0.359394723679947,-0.26766431601524293,-0.579526393356689
72.40704500978474,-13.095137953979352,0.080948205834912,-0.13095137953979352,-0.34884832072443783,-1.1327973936065474
72.6027397260274,23.664182197543518,0.11415437328049517,0.23664182197543518,-0.5021493304516375,-3.1156351405120617
72.79843444227006,28.649128991658397,0.14805332772290558,0.28649128991658396,-0.8009566849598704,-3.4447853253009084
72.99412915851272,20.835867148149607,0.18060186563563635,0.20835867148149606,-1.2937759520097332,-3.5918388280972247
73.18982387475538,10.83344727604595,0.21162723211146178,0.1083344727604595,-1.955657019988034,-3.645496109305717
73.38551859099805,0.6513840753770955,0.24059877130725957,0.006513840753770955,-2.76353003192869,-3.5773559912082717
73.5812133072407,-8.99941790439572,0.2661384840205414,-0.0899941790439572,-3.6547956502592984,-3.410048711605101
73.77690802348337,-17.93699389101812,0.28575057103067364,-0.1793699389101812,-4.505209199281948,-3.2730469328732283
73.97260273972603,-26.2331171160914,0.2969285121746697,-0.262331171160914,-5.157147266329542,-3.330587394292202
74.16829745596868,-34.17028498942663,0.2993693961253426,-0.34170284989426625,-5.526821891661325,-3.7928225268900064
74.36399217221135,-42.3203491935757,0.29518253202146433,-0.423203491935757,-5.6573658828054505,-5.368615964448608
74.55968688845401,-51.41393814495892,0.2870832974744787,-0.5141393814495892,-5.650956652897452,-7.354038190344685
74.75538160469668,-61.004221407421646,0.2772643749194708,-0.6100422140742164,-5.565918441781937,-7.2547629858150735
74.95107632093934,-67.7215640601205,0.2670896208082959,-0.677215640601205,-5.3565871899903845,-6.68072612808653
75.14677103718199,-70.27124510274984,0.2571175806484263,-0.7027124510274985,-5.031490967019413,-6.132552631059188
75.34246575342466,-70.98222223957677,0.2474864726529703,-0.7098222223957678,-4.6790303848105435,-5.511357246548835
75.53816046966732,-71.21441130028064,0.23821431203921548,-0.7121441130028064,-4.340265664840309,-4.946936502381211
75.73385518590997,-71.31476775231694,0.22929420279007998,-0.7131476775231694,-4.02341319200633,-4.465416355831628
75.92954990215264,-71.35717960465132,0.22071478579399317,-0.7135717960465132,-3.728787277599582,-4.057623651397708
76.1252446183953,-71.35885491897527,0.2124641526763605,-0.7135885491897527,-3.4552532658581803,-3.7103362546552265
76.32093933463797,-71.32504537892025,0.20453060502455958,-0.7132504537892025,-3.2014625243480945,-3.4119333955375133
76.51663405088063,-71.25818845658286,0.19690281163903373,-0.7125818845658286,-2.966086857132689,-3.152988815926795
76.71232876712328,-71.15994504493423,0.18956984128139273,-0.7115994504493424,-2.7478649292920387,-2.9259593606042795
76.90802348336595,-71.03171658188191,0.18252116622619144,-0.7103171658188191,-2.5456104177920484,-2.724759038843576
77.10371819960861,-70.87479793124673,0.17574665769318862,-0.7087479793124674,-2.3582113786464975,-2.544393696893396
77.29941291585128,-70.6904325677843,0.16923657859578634,-0.706904325677843,-2.184627361709941,-2.380690255471447
77.49510763209393,-70.47983630445702,0.16298157519639417,-0.7047983630445702,-2.0238858883882305,-2.2301147796044107
77.69080234833659,-70.24420952316845,0.15697266830462223,-0.7024420952316845,-1.8750787831454148,-2.0896629229185866
77.88649706457926,-69.98474199833129,0.15120124423472936,-0.6998474199833129,-1.7373585053656544,-1.9568053106502887
78.08219178082192,-69.70261495241897,0.1456590457954613,-0.6970261495241897,-1.6099345844761914,-1.8294714063242656
78.27788649706459,-69.39899836901292,0.14033816335649413,-0.6939899836901291,-1.4920701643733774,-1.7060570289517303
78.47358121330724,-69.07504591800142,0.13523102619320393,-0.6907504591800142,-1.3830787004644467,-1.5854411292465267
78.6692759295499,-68.73188628592881,0.13033039417885944,-0.6873188628592881,-1.2823208074314023,-1.466998315218813
78.86497064579257,-68.3706115820074,0.12562935002416586,-0.683706115820074,-1.1892012713248827,-1.35059483027897
79.06066536203522,-67.99226271838052,0.12112129222851986,-0.6799226271838051,-1.103166227313499,-1.2365584360370505
79.2563600782779,-67.5978115989533,0.11679992896303416,-0.675978115989533,-1.0237005025065757,-1.1256170211775025
79.45205479452055,-67.18814001828824,0.11265927317556342,-0.6718814001828823,-0.9503251227278866,-1.0188064754489226
79.6477495107632,-66.76401498326824,0.10869363928738233,-0.6676401498326824,-0.8825949803759224,-0.9173544752044416
79.84344422700588,-66.32605992681516,0.10489764195940536,-0.6632605992681516,-0.8200966596309738,-0.8225519405345594
80.03913894324853,-65.87472096867583,0.10126619755946058,-0.6587472096867583,-0.762446415243136,-0.7356267449772034
80.23483365949119,-65.41022688987124,0.09779452917986928,-0.6541022688987124,-0.7092883016146744,-0.6576340571716113
80.43052837573386,-64.93254067509712,0.0944781763291051,-0.6493254067509712,-0.660292449214784,-0.5893746020993635
80.62622309197651,-64.44129955984236,0.09131301088702994,-0.6444129955984237,-0.6151534883887061,-0.5313470860359661
80.82191780821918,-63.93573881040618,0.08829526154730094,-0.6393573881040617,-0.5735891229201738,-0.483735412171713
81.01761252446184,-63.41459198880661,0.08542154995239912,-0.6341459198880661,-0.535338860328407,-0.4464264415214618
81.2133072407045,-62.87595656144157,0.08268894326390658,-0.6287595656144157,-0.500162913062879,-0.4190507982141405
81.40900195694717,-62.317107428089926,0.08009503037491554,-0.6231710742808992,-0.4678412960382473,-0.40103784328191594
81.60469667318982,-61.73423062999175,0.0776380330479842,-0.6173423062999175,-0.4381731645765358,-0.39167617171201385
81.80039138943249,-61.12203148640605,0.07531697013755766,-0.6112203148640605,-0.41097646629564716,-0.39017223119958366
81.99608610567515,-60.47313944736487,0.07313190542391675,-0.6047313944736488,-0.38608803461013425,-0.3957011681381424
82.1917808219178,-59.77717380045163,0.07108433206948335,-0.5977717380045163,-0.3633643484011835,-0.40744489146197616
82.38747553816047,-59.01922114533867,0.0691777904870274,-0.5901922114533867,-0.3426833691105632,-0.4246115838740554
82.58317025440313,-58.17724487523777,0.06741890693448693,-0.5817724487523777,-0.32394825476307665,-0.44642659214380487
82.7788649706458,-57.217440508745504,0.06581923903673331,-0.5721744050874551,-0.3070945895913618,-0.47207290697798676
82.97455968688845,-56.08538887406767,0.06439879060459304,-0.5608538887406767,-0.29210482792586606,-0.5005296883659156
83.17025440313111,-54.68790015016571,0.06319333159904086,-0.5468790015016571,-0.2790392656396342,-0.5301884348950363
83.36594911937378,-52.852030751924836,0.06227157684639805,-0.5285203075192484,-0.2681107353209825,-0.5579876881390771
83.56164383561644,-50.22115284873899,0.06178255712777284,-0.5022115284873899,-0.2598994004692636,-0.577711981303553
83.7573385518591,-45.94863834298407,0.06212120552870938,-0.45948638342984066,-0.25616125054762834,-0.5791320768042922
83.95303326810176,-37.62468835433564,0.06475264141710373,-0.3762468835433564,-0.2643621104893095,-0.5737019646448598
84.14872798434442,-17.418034849474523,0.07753871188153778,-0.17418034849474523,-0.33047673316281384,-0.9403784140644147
84.34442270058709,20.225445741275177,0.10963594633534661,0.20225445741275178,-0.479717682356971,-3.001342121597081
84.54011741682974,29.234984157549714,0.14369396849203447,0.29234984157549715,-0.7496448424751058,-3.4193179953638406
84.7358121330724,22.052666401592706,0.17642608723693523,0.22052666401592705,-1.2194899176764642,-3.5772566621118598
84.93150684931507,12.176455371154496,0.2076688079812211,0.12176455371154496,-1.8600136712248696,-3.644976027726523
85.12720156555773,1.960997779916737,0.23696372007170993,0.019609977799167372,-2.6512411965634635,-3.5933585440445572
85.3228962818004,-7.77707583771769,0.2630726624816347,-0.0777707583771769,-3.5372387730237653,-3.4339858703315578
85.51859099804305,-16.807995531020055,0.2836249031978627,-0.16807995531020054,-4.402102924344786,-3.282928126334623
85.71428571428571,-25.177102346565963,0.2959869272762939,-0.2517710234656596,-5.087485396319858,-3.3071445273211237
85.90998043052838,-33.13562065155877,0.2994860400064309,-0.33135620651558767,-5.494009184239143,-3.6907617387065885
86.10567514677103,-41.21469464611987,0.2960075537174927,-0.41214694646119865,-5.650283046122592,-5.076330716981934
86.3013698630137,-50.15894056341105,0.2882797040218827,-0.5015894056341105,-5.6564362812096185,-7.201527769253158
86.49706457925636,-59.82313245408488,0.27858881343821473,-0.5982313245408488,-5.582553543776121,-7.343078615436915
86.69275929549902,-67.11382481495275,0.26841462804342087,-0.6711382481495275,-5.392351926397561,-6.743582734024209
86.88845401174169,-70.0911795591695,0.2584033893404708,-0.700911795591695,-5.077130991296257,-6.212212088890452
87.08414872798434,-70.93063597422952,0.24872561142193772,-0.7093063597422952,-4.724725968618823,-5.59086110202787
87.27984344422701,-71.19455402678274,0.23940670197405967,-0.7119455402678274,-4.383369857681985,-5.0159993994276695
87.47553816046967,-71.30559824527383,0.23044116560241962,-0.7130559824527383,-4.06357048287794,-4.523914613622269
87.67123287671232,-71.35412618883647,0.22181786994134728,-0.7135412618883648,-3.766091643357781,-4.107242167841809
87.866927592955,-71.36072165799557,0.21352491004270427,-0.7136072165799557,-3.4898751194948114,-3.752749969043853
88.06262230919765,-71.33138619251629,0.20555054605088724,-0.7133138619251629,-3.2335790241954516,-3.448534848736373
88.25831702544032,-71.2687480835761,0.19788339574445848,-0.712687480835761,-2.995868284589013,-3.18489460757283
88.45401174168298,-71.17452661026121,0.190512475088901,-0.7117452661026121,-2.7754720193164215,-2.9540643385317367
88.64970645792563,-71.05014458634408,0.1834272037484665,-0.7105014458634408,-2.571194041984277,-2.7497901791485493
88.8454011741683,-70.89690667673129,0.17661740114849744,-0.7089690667673129,-2.3819128229348627,-2.5669526212085003
89.04109589041096,-70.71606127787459,0.17007327943292164,-0.7071606127787459,-2.206578754836267,-2.4012833050611713
89.23679060665361,-70.50882711017536,0.16378543522870403,-0.7050882711017536,-2.044210679284453,-2.2491722962059475
89.43248532289628,-70.27640611696316,0.15774484087124704,-0.7027640611696316,-1.8938922198719101,-2.107550103797953
89.62818003913894,-70.01998922981502,0.15194283538481737,-0.7001998922981503,-1.7547681106260147,-1.9738268271973833
89.82387475538161,-69.74075888867945,0.14637111546909673,-0.6974075888867945,-1.6260406168858506,-1.8458718537477186
90.01956947162427,-69.43988679266025,0.1410217265373203,-0.6943988679266024,-1.5069660619479128,-1.7220191169831782
90.21526418786692,-69.11852913233204,0.13588705402130152,-0.6911852913233204,-1.3968515036540203,-1.6010834505641451
90.41095890410959,-68.77781848940181,0.13095981501679088,-0.6877781848940181,-1.2950515628692378,-1.4823744016426135
90.60665362035225,-68.4188525227309,0.12623305043141533,-0.684188525227309,-1.2009654128228056,-1.3656949957079068
90.80234833659492,-68.04267977380596,0.12170011783448356,-0.6804267977380596,-1.1140339354693884,-1.2513154348959423
90.99804305283757,-67.65028229138298,0.1173546852045923,-0.6765028229138298,-1.033737042889102,-1.1399158974861523
91.19373776908023,-67.24255497506313,0.1131907258563022,-0.6724255497506313,-0.9595911627667861,-1.0324981809313627
91.3894324853229,-66.82028138500483,0.10920251490381552,-0.6682028138500483,-0.8911468853475505,-0.9302720609480186
91.58512720156556,-66.38410552855332,0.10538462772341221,-0.6638410552855332,-0.8279867682457784,-0.8345275639742926
91.78082191780823,-65.93449884221502,0.10173194102561281,-0.6593449884221502,-0.7697232954140469,-0.746507529236986
91.97651663405088,-65.47172108933255,0.0982396373534541,-0.6547172108933255,-0.7159969867677225,-0.6672950425891422
92.17221135029354,-64.99577313661005,0.0949032140804147,-0.6499577313661006,-0.6664746552656735,-0.5977275715084591
92.36790606653621,-64.50633874317516,0.0917184984371791,-0.6450633874317516,-0.6208478114415956,-0.5383447684788649
92.56360078277886,-64.00271081998773,0.08868167068803132,-0.6400271081998773,-0.5788312171301694,-0.4893712871610827
92.75929549902153,-63.483695304107734,0.08578929850759685,-0.6348369530410773,-0.5401615946557234,-0.45073092390637015
92.95499021526419,-62.94748212549948,0.08303838705900324,-0.6294748212549948,-0.5045965045476362,-0.42208490227655027
93.15068493150685,-62.39146685250746,0.08042645158197143,-0.6239146685250746,-0.47191341538967124,-0.40288550286469516
93.34637964774952,-61.81199686480749,0.07795162310440987,-0.618119968648075,-0.4419090065704532,-0.39243629485361
93.54207436399217,-61.203999475184446,0.07561280435451459,-0.6120399947518445,-0.4143987737707066,-0.38995136603973
93.73776908023483,-60.56041967380272,0.07340990423029746,-0.6056041967380272,-0.38921705461126865,-0.3946074667626611
93.9334637964775,-59.87134104519532,0.07134420017046508,-0.5987134104519533,-0.3662176832839508,-0.4055840355929572
94.12915851272015,-59.122560554835204,0.06941891754938796,-0.591225605548352,-0.3452756527877134,-0.42208557544351244
94.32485322896282,-58.293178039505506,0.06764019722135955,-0.5829317803950551,-0.3262905139765887,-0.4433371878412604
94.52054794520548,-57.351309185642556,0.06601880083269765,-0.5735130918564255,-0.3091930000015584,-0.4685335576565919
94.71624266144813,-56.24598256131468,0.06457332773281639,-0.5624598256131468,-0.29395818251234107,-0.49669573329563654
94.9119373776908,-54.890692549463765,0.06333682558461277,-0.5489069254946376,-0.28063334618627345,-0.5263273291382085
95.10763209393346,-53.12679126437332,0.06237202779678152,-0.5312679126437332,-0.26940397461587723,-0.5546332448130418
95.30332681017613,-50.63215895193561,0.061812375388405845,-0.5063215895193561,-0.26077847659928116,-0.575932920558083
95.49902152641879,-46.65783753608989,0.06200020481022177,-0.4665783753608989,-0.2562547840064299,-0.5802762149214438
95.69471624266144,-39.12549897036635,0.06413868880693042,-0.3912549897036635,-0.26184237078917894,-0.5711149920069012
95.89041095890411,-21.277644485898854,0.07459787660554772,-0.21277644485898853,-0.31447517535587655,-0.8085486792708902
96.08610567514677,15.97461300664121,0.10510916529787473,0.1597461300664121,-0.45970635334956145,-2.8376574950279227
96.28180039138944,29.61987958585001,0.13931160876071003,0.2961987958585001,-0.7016289849627442,-3.3917967452256796
96.4774951076321,23.230593335055598,0.1722252898216407,0.232305933350556,-1.1481322552840911,-3.561188778392925
96.67318982387475,13.515323116859856,0.20367818597164922,0.13515323116859856,-1.7669983559774816,-3.6423617826831567
96.86888454011742,3.2795345321088805,0.23327603140781625,0.032795345321088805,-2.5406640283282105,-3.607346343319235
97.06457925636008,-6.54230053352268,0.2599126348417763,-0.0654230053352268,-3.4194046720422606,-3.4579691375581394
97.26027397260275,-15.667423070073754,0.2813560240356327,-0.15667423070073755,-4.29583906982877,-3.295921986984972
97.4559686888454,-24.113662520422633,0.2948895874272166,-0.24113662520422632,-5.012842072468599,-3.2891796793596955
97.65166340508806,-32.102573129853035,0.2994824187989158,-0.32102573129853035,-5.456814827599019,-3.6051707102459227
97.84735812133073,-40.12455081157266,0.29676072827925065,-0.4012455081157266,-5.640671033359353,-4.8066029722634065
98.04305283757338,-48.9218362613733,0.2894436943491753,-0.489218362613733,-5.660749938814838,-7.003147042541716
98.23874755381604,-58.60033907703593,0.2799063002693105,-0.5860033907703593,-5.59715866465183,-7.423032158557559
98.43444227005871,-66.42370831419285,0.26974307590000235,-0.6642370831419285,-5.4257745601819485,-6.807465384502129
98.63013698630137,-69.87724496827819,0.25969507847565815,-0.698772449682782,-5.122245052572715,-6.290044438468989
98.82583170254404,-70.87073769153336,0.24997093819326482,-0.7087073769153336,-4.770659097073196,-5.671368033982974
99.02152641878669,-71.17242945601892,0.24060515993598108,-0.7117242945601892,-4.426853238895321,-5.0865236232741715
99.21722113502935,-71.29542962785418,0.23159400056739485,-0.7129542962785418,-4.104111915488997,-4.583707694130785
99.41291585127202,-71.35037060073512,0.22292662099735588,-0.7135037060073511,-3.8037605118462428,-4.157922386901579
99.60861056751467,-71.3619775868956,0.214591132662921,-0.7136197758689561,-3.5248381958683384,-3.7960210639509624
99.80430528375734,-71.33715847048164,0.20657575697096248,-0.7133715847048164,-3.2660138119696502,-3.485828139862246
100.0,-71.27876796789711,0.19886906126002374,-0.712787679678971,-3.0259462164077013,-3.2173599792939225
