seed,scaling,start_idx,gCa0,ECa0,gCa_hat,ECa_hat,chi2,bfgs_ok
1111,normalised,1,1.0,60.0,1.8770180622547303,132.32335003745854,941.4245331028404,true
1111,normalised,2,0.5,200.0,1.87701806226164,132.3233500367302,941.4245331029541,true
1111,normalised,3,3.0,80.0,1.8770180622518282,132.32335003777396,941.4245331024033,true
1111,raw,1,1.0,60.0,1.8770180075867346,132.32335561515268,941.4245331022663,true
1111,raw,2,0.5,200.0,1.8770180075871523,132.3233556151021,941.4245331021222,true
1111,raw,3,3.0,80.0,1.8770180075869007,132.32335561513975,941.4245331028345,true
2222,normalised,1,1.0,60.0,2.2112097447490418,101.60562105628748,953.092885401002,true
2222,normalised,2,0.5,200.0,2.211209744772412,101.60562105454316,953.092885399035,true
2222,normalised,3,3.0,80.0,2.211209744871276,101.60562104715274,953.0928853972,true
2222,raw,1,1.0,60.0,2.211209699700479,101.60562418402439,953.0928854000738,true
2222,raw,2,0.5,200.0,2.211209699700551,101.60562418401423,953.0928854000463,true
2222,raw,3,3.0,80.0,2.2112096997008623,101.60562418398592,953.0928854003175,true
3333,normalised,1,1.0,60.0,2.0739716091286042,112.36400030583482,886.8245859117975,true
3333,normalised,2,0.5,200.0,2.0739716091299965,112.36400030572253,886.8245859113516,true
3333,normalised,3,3.0,80.0,2.0739716091283267,112.36400030585642,886.8245859112378,true
3333,raw,1,1.0,60.0,2.073971553707183,112.36400470588694,886.8245859123291,true
3333,raw,2,0.5,200.0,2.0739715537086036,112.36400470576407,886.8245859129667,true
3333,raw,3,3.0,80.0,2.0739715537085543,112.36400470576643,886.8245859126099,true
4444,normalised,1,1.0,60.0,2.140821084556219,107.31088625827161,883.6564705376535,true
4444,normalised,2,0.5,200.0,2.140821084554947,107.31088625837684,883.6564705375895,true
4444,normalised,3,3.0,80.0,2.1408210845548896,107.3108862583742,883.6564705378026,true
4444,raw,1,1.0,60.0,2.140821046139294,107.31088927879655,883.6564705362437,true
4444,raw,2,0.5,200.0,2.14082104613578,107.31088927908617,883.6564705383331,true
4444,raw,3,3.0,80.0,2.1408210461573347,107.31088927724545,883.656470537432,true
5555,normalised,1,1.0,60.0,2.158903468349093,105.95097328659368,929.4958221316823,true
5555,normalised,2,0.5,200.0,2.1589034683504,105.95097328648164,929.4958221315757,true
5555,normalised,3,3.0,80.0,2.158903468349385,105.95097328657472,929.4958221297409,true
5555,raw,1,1.0,60.0,2.158903423628535,105.95097679358683,929.4958221337386,true
5555,raw,2,0.5,200.0,2.158903423626891,105.95097679372763,929.4958221344064,true
5555,raw,3,3.0,80.0,2.1589034236292655,105.95097679352806,929.4958221306381,true
6666,normalised,1,1.0,60.0,2.036693767667412,116.94230814255866,899.8362573007009,true
6666,normalised,2,0.5,200.0,2.0366937676628525,116.94230814297175,899.8362573012612,true
6666,normalised,3,3.0,80.0,2.036693767663211,116.94230814293564,899.8362573011672,true
6666,raw,1,1.0,60.0,2.036693716138015,116.94231266210868,899.8362573010565,true
6666,raw,2,0.5,200.0,2.0366937161329726,116.942312662582,899.8362573012666,true
6666,raw,3,3.0,80.0,2.0366937161337595,116.94231266251167,899.8362573004923,true
7777,normalised,1,1.0,60.0,1.9375888126750398,126.5188976339397,983.5426269199481,true
7777,normalised,2,0.5,200.0,1.9375888126671146,126.51889763470226,983.5426269196875,true
7777,normalised,3,3.0,80.0,1.937588812654409,126.51889763595922,983.5426269187288,true
7777,raw,1,1.0,60.0,1.937588770030988,126.51890181013074,983.5426269210228,true
7777,raw,2,0.5,200.0,1.9375887700329695,126.51890180992292,983.5426269209718,true
7777,raw,3,3.0,80.0,1.9375887700314733,126.5189018100867,983.5426269210133,true
8888,normalised,1,1.0,60.0,2.0098973212217808,118.68943773827468,976.5618541683133,true
8888,normalised,2,0.5,200.0,2.0098973212196447,118.68943773847928,976.56185416909,true
8888,normalised,3,3.0,80.0,2.0098973212194706,118.68943773849094,976.561854169346,true
8888,raw,1,1.0,60.0,2.009897321081662,118.68943765010954,976.5618541687869,true
8888,raw,2,0.5,200.0,2.009897321083488,118.68943764993034,976.5618541688523,true
8888,raw,3,3.0,80.0,2.009897321082106,118.68943765004927,976.5618541688983,true
9999,normalised,1,1.0,60.0,1.876496442175256,132.6407920729434,914.9156364939126,true
9999,normalised,2,0.5,200.0,1.8764964421750043,132.64079207296285,914.9156364942402,true
9999,normalised,3,3.0,80.0,1.8764964421739432,132.64079207307898,914.9156364938995,true
9999,raw,1,1.0,60.0,1.876496386688111,132.64079772995632,914.915636493565,true
9999,raw,2,0.5,200.0,1.876496386689085,132.6407977298514,914.9156364938227,true
9999,raw,3,3.0,80.0,1.876496386688766,132.6407977298877,914.9156364937279,true
11110,normalised,1,1.0,60.0,1.9153977908515312,128.82221966484673,1003.4146352760067,true
11110,normalised,2,0.5,200.0,1.915397790843765,128.82221966564802,1003.4146352739403,true
11110,normalised,3,3.0,80.0,1.9153977908529276,128.822219664701,1003.4146352762256,true
11110,raw,1,1.0,60.0,1.915397756828867,128.82222301505476,1003.4146352743202,true
11110,raw,2,0.5,200.0,1.9153977568280667,128.8222230151318,1003.4146352755668,true
11110,raw,3,3.0,80.0,1.9153977568287701,128.82222301506812,1003.4146352772062,true
12221,normalised,1,1.0,60.0,1.849589394861627,135.35848036592245,840.2764583419491,true
12221,normalised,2,0.5,200.0,1.8495893948629116,135.35848036577733,840.2764583412495,true
12221,normalised,3,3.0,80.0,1.8495893948617028,135.35848036591184,840.2764583422843,true
12221,raw,1,1.0,60.0,1.849589359151048,135.35848399194435,840.2764583420419,true
12221,raw,2,0.5,200.0,1.8495893591506327,135.35848399199534,840.2764583420823,true
12221,raw,3,3.0,80.0,1.8495893591510764,135.3584839919468,840.2764583405755,true
13332,normalised,1,1.0,60.0,1.8697915421419264,133.78252582845522,896.3503584818053,true
13332,normalised,2,0.5,200.0,1.8697915421421485,133.7825258284304,896.350358479818,true
13332,normalised,3,3.0,80.0,1.8697915421384348,133.78252582883462,896.350358480848,true
13332,raw,1,1.0,60.0,1.8697914767737716,133.78253249888186,896.3503584800922,true
13332,raw,2,0.5,200.0,1.869791476771512,133.7825324991256,896.3503584786998,true
13332,raw,3,3.0,80.0,1.8697914767716843,133.78253249911222,896.3503584800515,true
14443,normalised,1,1.0,60.0,1.8302199249537208,138.23064046972544,904.4311800942531,true
14443,normalised,2,0.5,200.0,1.8302199249521631,138.23064046989472,904.4311800942611,true
14443,normalised,3,3.0,80.0,1.8302199249527118,138.2306404698362,904.4311800943129,true
14443,raw,1,1.0,60.0,1.8302199028724602,138.23064293773342,904.4311800943183,true
14443,raw,2,0.5,200.0,1.830219902872703,138.230642937704,904.4311800943123,true
14443,raw,3,3.0,80.0,1.830219902873678,138.23064293759032,904.4311800943412,true
15554,normalised,1,1.0,60.0,1.8957118635929135,130.91719001307615,946.8260438911143,true
15554,normalised,2,0.5,200.0,1.8957118635989316,130.91719001243007,946.826043891943,true
15554,normalised,3,3.0,80.0,1.8957118636000463,130.91719001231596,946.8260438902433,true
15554,raw,1,1.0,60.0,1.895711821375967,130.91719429160565,946.8260438909056,true
15554,raw,2,0.5,200.0,1.8957118213765718,130.91719429153642,946.826043890237,true
15554,raw,3,3.0,80.0,1.8957118213763142,130.9171942915711,946.8260438910386,true
16665,normalised,1,1.0,60.0,2.065259573617133,113.78313776743319,864.3474469611939,true
16665,normalised,2,0.5,200.0,2.0652595736483206,113.78313776446684,864.347446961223,true
16665,normalised,3,3.0,80.0,2.065259573631907,113.7831377659545,864.3474469611639,true
16665,raw,1,1.0,60.0,2.0652595175796837,113.78314244932557,864.3474469616508,true
16665,raw,2,0.5,200.0,2.0652595175779287,113.78314244948594,864.3474469618418,true
16665,raw,3,3.0,80.0,2.0652595175762967,113.78314244963741,864.3474469608392,true
17776,normalised,1,1.0,60.0,2.0237680095425814,118.00033716556398,893.3548528068538,true
17776,normalised,2,0.5,200.0,2.023768009553618,118.00033716445297,893.3548528069249,true
17776,normalised,3,3.0,80.0,2.0237680095542157,118.00033716430423,893.3548528067913,true
17776,raw,1,1.0,60.0,2.023767984662826,118.00033933304141,893.3548528069211,true
17776,raw,2,0.5,200.0,2.0237679846660983,118.00033933272778,893.3548528067458,true
17776,raw,3,3.0,80.0,2.0237679846653154,118.0003393328001,893.3548528067051,true
18887,normalised,1,1.0,60.0,1.7240415840841428,151.09417536620742,872.2358867457059,true
18887,normalised,2,0.5,200.0,1.7240415840835215,151.09417536629078,872.2358867460322,true
18887,normalised,3,3.0,80.0,1.7240415840834455,151.09417536630008,872.2358867463413,true
18887,raw,1,1.0,60.0,1.724041584339097,151.09417534745612,872.2358867465811,true
18887,raw,2,0.5,200.0,1.7240415843400585,151.09417534732646,872.2358867448427,true
18887,raw,3,3.0,80.0,1.724041584338928,151.09417534748184,872.2358867447206,true
19998,normalised,1,1.0,60.0,1.9886474467525281,120.99919307017177,880.9081152281752,true
19998,normalised,2,0.5,200.0,1.9886474467506705,120.99919307035006,880.9081152271402,true
19998,normalised,3,3.0,80.0,1.9886474467503377,120.99919307039349,880.9081152289505,true
19998,raw,1,1.0,60.0,1.9886474211537881,120.99919529384039,880.9081152283817,true
19998,raw,2,0.5,200.0,1.988647421152921,120.99919529392626,880.9081152266369,true
19998,raw,3,3.0,80.0,1.9886474211544516,120.99919529377831,880.9081152269198,true
21109,normalised,1,1.0,60.0,2.1646309653851996,105.06025770406393,889.9465958608141,true
21109,normalised,2,0.5,200.0,2.1646309653871136,105.06025770389998,889.9465958592318,true
21109,normalised,3,3.0,80.0,2.1646309653869293,105.06025770391476,889.9465958592306,true
21109,raw,1,1.0,60.0,2.1646309239773927,105.06026088963206,889.9465958607975,true
21109,raw,2,0.5,200.0,2.16463092397797,105.06026088957753,889.9465958610531,true
21109,raw,3,3.0,80.0,2.1646309239774295,105.06026088961445,889.9465958598349,true
22220,normalised,1,1.0,60.0,1.7188675716203512,151.37584628491845,913.4753243701805,true
22220,normalised,2,0.5,200.0,1.718867571620911,151.37584628484134,913.4753243688542,true
22220,normalised,3,3.0,80.0,1.7188675716204072,151.37584628490626,913.4753243689714,true
22220,raw,1,1.0,60.0,1.7188675729104883,151.37584610520216,913.4753243692024,true
22220,raw,2,0.5,200.0,1.7188675729098708,151.37584610528478,913.4753243691049,true
22220,raw,3,3.0,80.0,1.7188675729106029,151.37584610519028,913.4753243696213,true
23331,normalised,1,1.0,60.0,1.9853418691064821,121.08458069762975,891.3856266530983,true
23331,normalised,2,0.5,200.0,1.9853418691215114,121.08458069613266,891.3856266523075,true
23331,normalised,3,3.0,80.0,1.9853418690920073,121.08458069908068,891.3856266520693,true
23331,raw,1,1.0,60.0,1.9853418360038542,121.08458362278354,891.3856266531191,true
23331,raw,2,0.5,200.0,1.9853418360045296,121.08458362271442,891.3856266527611,true
23331,raw,3,3.0,80.0,1.9853418360039785,121.08458362277143,891.3856266535322,true
24442,normalised,1,1.0,60.0,1.8579919964833664,134.9918406443726,952.0366781357626,true
24442,normalised,2,0.5,200.0,1.8579919964842884,134.99184064426177,952.036678134604,true
24442,normalised,3,3.0,80.0,1.8579919964825977,134.9918406444626,952.0366781358398,true
24442,raw,1,1.0,60.0,1.857991951663305,134.99184517797374,952.0366781360999,true
24442,raw,2,0.5,200.0,1.8579919516650971,134.99184517777812,952.0366781350484,true
24442,raw,3,3.0,80.0,1.8579919516634322,134.99184517797596,952.0366781357641,true
25553,normalised,1,1.0,60.0,2.124846773778322,108.67600367341585,928.6790513678787,true
25553,normalised,2,0.5,200.0,2.124846773778614,108.67600367338362,928.6790513670807,true
25553,normalised,3,3.0,80.0,2.1248467737779655,108.67600367343636,928.6790513673765,true
25553,raw,1,1.0,60.0,2.1248467643289617,108.67600437529315,928.6790513680589,true
25553,raw,2,0.5,200.0,2.1248467643289906,108.67600437528313,928.6790513657597,true
25553,raw,3,3.0,80.0,2.124846764330535,108.67600437515601,928.6790513668226,true
26664,normalised,1,1.0,60.0,1.9664555770391627,123.57765157995419,883.2515007795456,true
26664,normalised,2,0.5,200.0,1.9664555770407541,123.57765157980147,883.2515007794157,true
26664,normalised,3,3.0,80.0,1.966455577040759,123.57765157979743,883.2515007803116,true
26664,raw,1,1.0,60.0,1.9664555321827317,123.57765558489059,883.2515007802683,true
26664,raw,2,0.5,200.0,1.9664555321839339,123.57765558477023,883.2515007799168,true
26664,raw,3,3.0,80.0,1.9664555321832151,123.5776555848434,883.251500779948,true
27775,normalised,1,1.0,60.0,1.9459947413765981,125.18778005114912,924.0036190272002,true
27775,normalised,2,0.5,200.0,1.94599474137593,125.18778005121239,924.0036190260068,true
27775,normalised,3,3.0,80.0,1.945994741376059,125.18778005120687,924.0036190264263,true
27775,raw,1,1.0,60.0,1.945994678222397,125.18778610206138,924.0036190257023,true
27775,raw,2,0.5,200.0,1.9459946782229556,125.18778610200111,924.0036190271203,true
27775,raw,3,3.0,80.0,1.9459946782226294,125.18778610203901,924.003619025717,true
28886,normalised,1,1.0,60.0,1.7611524491156823,145.80402105196387,964.2328274207888,true
28886,normalised,2,0.5,200.0,1.7611524491157515,145.80402105195606,964.2328274210497,true
28886,normalised,3,3.0,80.0,1.7611524491149875,145.80402105205883,964.2328274210679,true
28886,raw,1,1.0,60.0,1.7611524180102687,145.80402454932343,964.2328274208381,true
28886,raw,2,0.5,200.0,1.7611524180202343,145.8040245480982,964.232827420853,true
28886,raw,3,3.0,80.0,1.7611524180261318,145.8040245473553,964.2328274205048,true
29997,normalised,1,1.0,60.0,2.0176729306831813,118.75050760152341,980.9594102472487,true
29997,normalised,2,0.5,200.0,2.0176729306854195,118.7505076013276,980.9594102427917,true
29997,normalised,3,3.0,80.0,2.0176729306783305,118.75050760200175,980.9594102426202,true
29997,raw,1,1.0,60.0,2.0176729235083366,118.7505081680345,980.9594102433982,true
29997,raw,2,0.5,200.0,2.0176729234989077,118.7505081689299,980.9594102433452,true
29997,raw,3,3.0,80.0,2.0176729235086426,118.7505081680073,980.9594102431162,true
31108,normalised,1,1.0,60.0,2.018587421614085,117.96561768124701,892.5127812600355,true
31108,normalised,2,0.5,200.0,2.0185874216150905,117.96561768115414,892.5127812588431,true
31108,normalised,3,3.0,80.0,2.0185874216136233,117.96561768128595,892.512781260473,true
31108,raw,1,1.0,60.0,2.0185873981055793,117.96561971938165,892.5127812566677,true
31108,raw,2,0.5,200.0,2.0185873981031808,117.96561971960006,892.5127812575674,true
31108,raw,3,3.0,80.0,2.018587398105242,117.96561971940899,892.5127812572383,true
