gCa,ECa_hat,chi2,gCa_true,delta_chi2,within_95
0.0,0.0,219162.50022470628,2.0,218221.07548076662,false
0.0625,6124.01455708146,1113.90448785888,2.0,172.47974391921218,false
0.125,3025.024667471647,1102.169635097223,2.0,160.74489115755512,false
0.1875,1992.025462251901,1090.8521990681832,2.0,149.42745512851536,false
0.25,1475.5245719671245,1079.951714117081,2.0,138.52697017741332,false
0.3125,1165.6224282026287,1069.4677177094509,2.0,128.0429737697831,false
0.375,959.0200332701204,1059.3997917643228,2.0,117.97504782465501,false
0.4375,811.446158218384,1049.747459278001,2.0,108.3227153383333,false
0.5,700.7646341562269,1040.5102670637887,2.0,99.08552312412087,false
0.5625,614.6782730579376,1031.6877636995735,2.0,90.26301975990566,false
0.625,545.8086977243423,1023.2794996377161,2.0,81.85475569804828,false
0.6875,489.4601870059968,1015.2850268938879,2.0,73.86028295422011,false
0.75,442.50254628658297,1007.7039112035269,2.0,66.27916726385911,false
0.8125,402.76876177787767,1000.535681470659,2.0,59.11093753099124,false
0.875,368.7106190204622,993.7799070695133,2.0,52.35516312984555,false
0.9375,339.193282967806,987.436145533637,2.0,46.011401593969254,false
1.0,313.3650997459889,981.5039558295018,2.0,40.07921188983403,false
1.0625,290.57521722316744,975.9828979577968,2.0,34.55815401812902,false
1.125,270.3171602010725,970.8725350962092,2.0,29.44779115654137,false
1.1875,252.19117706418038,966.1724298630958,2.0,24.74768592342798,false
1.25,235.87747881412508,961.8821462712392,2.0,20.457402331571416,false
1.3125,221.11714236140253,958.001251276842,2.0,16.576507337174235,false
1.375,207.69833135604856,954.5293118526782,2.0,13.104567913010442,false
1.4375,195.4461782515049,951.4658968950209,2.0,10.041152955353141,false
1.5,184.2147636651993,948.8105764356836,2.0,7.385832496015837,false
1.5625,173.8814973831177,946.562922106765,2.0,5.1381781670971804,false
1.625,164.34291722774503,944.7225069013341,2.0,3.297762961666308,true
1.6875,155.51073331832887,943.2889051406596,2.0,1.8641612009918163,true
1.75,147.30909848809242,942.2616925093143,2.0,0.8369485696465517,true
1.8125,139.67290644645695,941.6404460145426,2.0,0.2157020748747982,true
1.875,132.54557814598084,941.4247439396678,2.0,0.0,true
1.9375,125.87773132324222,941.6141579200485,2.0,0.18941398038066382,true
2.0,119.62665266990658,942.208291910558,2.0,0.783547970890254,true
2.0625,113.75412678718564,943.2067017879463,2.0,1.7819578482784664,true
2.125,108.22689082622526,944.6089990386217,2.0,3.1842550989539404,true
2.1875,103.01530250906941,946.414743286705,2.0,4.9899993470371555,false
2.25,98.09308121204376,948.6235368917132,2.0,7.198792952045437,false
2.3125,93.43670625686644,951.2349553695906,2.0,9.810211429922788,false
2.375,89.02528047561643,954.248612366385,2.0,12.82386842671724,false
2.4375,84.83988885879518,957.6640642174734,2.0,16.239320277805632,false
2.5,80.8636242210865,961.4809191049518,2.0,20.056175165284003,false
2.5625,77.08117139339444,965.6987737063994,2.0,24.274029766731587,false
2.625,73.47867462635043,970.3171705948116,2.0,28.892426655143822,false
2.6875,70.04359018802646,975.3357816361832,2.0,33.91103769651545,false
2.75,66.76450457572935,980.7541887531253,2.0,39.329444813457485,false
2.8125,63.6310402393341,986.5719670796498,2.0,45.147223139981975,false
2.875,60.63364336490632,992.7887315139865,2.0,51.363987574318685,false
2.9375,57.76367902755737,999.4041179213204,2.0,57.97937398165266,false
3.0,55.0131511926651,1006.4176352620103,2.0,64.99289132234253,false
3.0625,52.37478032112121,1013.8289387739878,2.0,72.40419483432004,false
3.125,49.84179427623749,1021.6376465971931,2.0,80.21290265752532,false
3.1875,47.40799179077148,1029.8433317455426,2.0,88.41858780587484,false
3.25,45.06779565811157,1038.4456193451451,2.0,97.02087540547734,false
3.3125,42.815673732757574,1047.4441271136736,2.0,106.01938317400584,false
3.375,40.646883797645565,1056.838440728985,2.0,115.41369678931721,false
3.4375,38.556853103637685,1066.6281998630768,2.0,125.20345592340902,false
3.5,36.54135284423828,1076.8130032603724,2.0,135.3882593207046,false
3.5625,34.59646117687225,1087.392461013294,2.0,145.9677170736262,false
3.625,32.71852235794067,1098.3661876778347,2.0,156.94144373816687,false
3.6875,30.90414283275605,1109.7338000282707,2.0,168.30905608860292,false
3.75,29.15013525485992,1121.4949212580154,2.0,180.07017731834765,false
3.8125,27.453551483154307,1133.649161869722,2.0,192.2244179300543,false
3.875,25.811563563346866,1146.1961416765255,2.0,204.7713977368577,false
3.9375,24.221619009971626,1159.1354821505563,2.0,217.7107382108885,false
4.0,22.681281089782708,1172.4668048710337,2.0,231.04206093136588,false
4.0625,21.18821818828583,1186.1897325864113,2.0,244.76498864674352,false
4.125,19.740305829048154,1200.3038892938248,2.0,258.879145354157,false
4.1875,18.33553082942963,1214.8088958140306,2.0,273.38415187436283,false
4.25,16.97198839187623,1229.7043872804852,2.0,288.2796433408174,false
4.3125,15.647885322570799,1244.9899868059927,2.0,303.56524286632487,false
4.375,14.361501407623289,1260.6653229914273,2.0,319.2405790517595,false
4.4375,13.111286544799805,1276.7300256140363,2.0,335.30528167436853,false
4.5,11.895703792572021,1293.1837258009668,2.0,351.75898186129905,false
4.5625,10.713311386108396,1310.0260557857773,2.0,368.6013118461095,false
4.625,9.562873458862306,1327.256648738043,2.0,385.83190479837515,false
4.6875,8.442976307868959,1344.8751393025752,2.0,403.45039536290744,false
4.75,7.352469635009765,1362.881163069364,2.0,421.4564191296962,false
4.8125,6.290230846405031,1381.274356770494,2.0,439.84961283082623,false
4.875,5.255144977569582,1400.0543583863673,2.0,458.6296144466995,false
4.9375,4.246181392669678,1419.2208064727786,2.0,477.7960625331108,false
5.0,3.262367248535156,1438.7733415068394,2.0,497.3485975671716,false
