seed,domain,n,a_hat,b_hat,Erev,r2_vs_true_on_domain,r2_vs_nn_on_domain,cond,a_sanity_true_current,b_sanity_true_current,objective,init_seed,data_seed,on_diagonal
1111,traj-train,154,2.763095637338657,-192.09709068246676,69.52241829294398,0.9884377433449323,0.9863659525328566,102.43602726682069,2.0000000000000027,-240.00000000000003,chi2,1111,1111,True
2222,traj-train,154,1.7395995081798428,-253.75349710503482,145.86891747890823,0.9990345792697348,0.985832811820025,102.43602726682069,2.0000000000000027,-240.00000000000003,chi2,1111,2222,False
3333,traj-train,154,2.3168212132744017,-219.66923171779217,94.81492592487533,0.9978954744799362,0.991997606114064,102.43602726682069,2.0000000000000027,-240.00000000000003,chi2,1111,3333,False
4444,traj-train,154,2.429866709511002,-214.98605337562455,88.4764800201281,0.9969015801326632,0.9998042568148479,102.43602726682069,2.0000000000000027,-240.00000000000003,chi2,1111,4444,False
5555,traj-train,154,1.8600715459186676,-245.31496119385167,131.88469106584472,0.9997385269328205,0.9908770663663965,102.43602726682069,2.0000000000000027,-240.00000000000003,chi2,1111,5555,False
1111,traj-train,154,2.7428927801922565,-194.76037128998203,71.00546280789392,0.9897970450883566,0.988387915555489,102.43602726682069,2.0000000000000027,-240.00000000000003,chi2,2222,1111,False
2222,traj-train,154,1.6284067397190312,-259.94359216529585,159.6306290221736,0.997989400263199,0.9840495282920282,102.43602726682069,2.0000000000000027,-240.00000000000003,chi2,2222,2222,True
3333,traj-train,154,2.477882470628672,-211.77805070382672,85.46735093940745,0.9960524603512374,0.9881410704243406,102.43602726682069,2.0000000000000027,-240.00000000000003,chi2,2222,3333,False
4444,traj-train,154,2.0376430039128737,-235.86738200718213,115.75500789600898,0.9998570336335448,0.9888026406083754,102.43602726682069,2.0000000000000027,-240.00000000000003,chi2,2222,4444,False
5555,traj-train,154,1.797405726391123,-248.6377700414862,138.33146650795837,0.9994800904550647,0.9946102396065367,102.43602726682069,2.0000000000000027,-240.00000000000003,chi2,2222,5555,False
1111,traj-train,154,2.5974478104968615,-202.24882660460946,77.86444285320275,0.9927983574181322,0.9840552575121706,102.43602726682069,2.0000000000000027,-240.00000000000003,chi2,3333,1111,False
2222,traj-train,154,1.2830328435691307,-281.5536732749978,219.44385499265474,0.9914494824739027,0.9668642842092948,102.43602726682069,2.0000000000000027,-240.00000000000003,chi2,3333,2222,False
3333,traj-train,154,2.1909412483358346,-227.85392879937177,103.99819208864773,0.9992521646929706,0.9932106880486037,102.43602726682069,2.0000000000000027,-240.00000000000003,chi2,3333,3333,True
4444,traj-train,154,1.4609317949727623,-271.6154585129225,185.91932864188675,0.9950488793483642,0.9882480440960257,102.43602726682069,2.0000000000000027,-240.00000000000003,chi2,3333,4444,False
5555,traj-train,154,1.552289992809314,-263.04206606857156,169.454204618379,0.9972365788523361,0.9967805018037444,102.43602726682069,2.0000000000000027,-240.00000000000003,chi2,3333,5555,False
1111,traj-train,154,3.1685861624493334,-168.78830693427076,53.269281086488284,0.9747144313474274,0.9861821901499401,102.43602726682069,2.0000000000000027,-240.00000000000003,chi2,4444,1111,False
2222,traj-train,154,1.4702725470456801,-268.7905352421207,182.81680888500574,0.9958358703995579,0.9573641123860622,102.43602726682069,2.0000000000000027,-240.00000000000003,chi2,4444,2222,False
3333,traj-train,154,2.1541299528030198,-230.81115965883262,107.14820587239599,0.999581003767356,0.9958884529065092,102.43602726682069,2.0000000000000027,-240.00000000000003,chi2,4444,3333,False
4444,traj-train,154,1.9181266568651545,-242.28236470171316,126.31197415173912,0.9998801246086125,0.9887319164081656,102.43602726682069,2.0000000000000027,-240.00000000000003,chi2,4444,4444,True
5555,traj-train,154,1.5355392633749145,-263.6878700515415,171.72330030297633,0.9970557703073438,0.9952468559928493,102.43602726682069,2.0000000000000027,-240.00000000000003,chi2,4444,5555,False
1111,traj-train,154,2.7490960594719525,-193.16320177221522,70.26426053999658,0.9889649733578049,0.9879887469328477,102.43602726682069,2.0000000000000027,-240.00000000000003,chi2,5555,1111,False
2222,traj-train,154,1.665733438931974,-259.08148041644307,155.5359785432173,0.9981953677951143,0.9550669578777802,102.43602726682069,2.0000000000000027,-240.00000000000003,chi2,5555,2222,False
3333,traj-train,154,2.3119367135623383,-219.81104671816675,95.07658467842391,0.9979151641872115,0.9938091905256887,102.43602726682069,2.0000000000000027,-240.00000000000003,chi2,5555,3333,False
4444,traj-train,154,1.895183719078054,-243.60025448514676,128.53648542509137,0.999840649625343,0.9857892185790308,102.43602726682069,2.0000000000000027,-240.00000000000003,chi2,5555,4444,False
5555,traj-train,154,1.5908693175852322,-260.77508892861647,163.91986824187728,0.9977259922828984,0.9964679446651479,102.43602726682069,2.0000000000000027,-240.00000000000003,chi2,5555,5555,True
1111,traj-train,154,1.2408727938278845,-286.6829202664507,231.03328696737879,0.9891037225640882,0.9965494297485312,102.43602726682069,2.0000000000000027,-240.00000000000003,sse,1111,1111,True
2222,traj-train,154,3.2802661708692775,-161.2733199683547,49.16470541340764,0.9690116167472193,0.983837845303612,102.43602726682069,2.0000000000000027,-240.00000000000003,sse,1111,2222,False
3333,traj-train,154,1.704489350805879,-245.4338212563124,143.9925812034389,0.997736457025109,0.9890777523981354,102.43602726682069,2.0000000000000027,-240.00000000000003,sse,1111,3333,False
4444,traj-train,154,2.1120811422510846,-238.94343719832855,113.13175067869761,0.9995367537869883,0.999101344980333,102.43602726682069,2.0000000000000027,-240.00000000000003,sse,1111,4444,False
5555,traj-train,154,1.19576149268294,-286.24378311554784,239.38200457793658,0.9894073494320825,0.9790533327060102,102.43602726682069,2.0000000000000027,-240.00000000000003,sse,1111,5555,False
1111,traj-train,154,2.3383696936919085,-216.46036545986092,92.56892357260452,0.9970225864459995,0.9845105047551695,102.43602726682069,2.0000000000000027,-240.00000000000003,sse,2222,1111,False
2222,traj-train,154,2.8156936899025493,-187.4886248396231,66.58701033851166,0.9859367588335782,0.9759840749352446,102.43602726682069,2.0000000000000027,-240.00000000000003,sse,2222,2222,True
3333,traj-train,154,1.6140696603079105,-251.3461955328116,155.72202471413976,0.9974777108488717,0.9734460499418373,102.43602726682069,2.0000000000000027,-240.00000000000003,sse,2222,3333,False
4444,traj-train,154,0.9760234792920015,-308.1947607026164,315.76572412599955,0.975794155252215,0.9689143994896361,102.43602726682069,2.0000000000000027,-240.00000000000003,sse,2222,4444,False
5555,traj-train,154,1.02147270286303,-296.1751857108061,289.9491928474181,0.9843673257979562,0.9813794961785454,102.43602726682069,2.0000000000000027,-240.00000000000003,sse,2222,5555,False
1111,traj-train,154,2.0762318824883295,-232.88255763710904,112.16596739570494,0.9996375719318247,0.977123066825387,102.43602726682069,2.0000000000000027,-240.00000000000003,sse,3333,1111,False
2222,traj-train,154,1.7749590085496851,-250.68059123859274,141.23176368079805,0.9993474483673715,0.9932137668586819,102.43602726682069,2.0000000000000027,-240.00000000000003,sse,3333,2222,False
3333,traj-train,154,1.6069302095965408,-253.6281571311847,157.8339591953183,0.9977781813600193,0.9872253365737076,102.43602726682069,2.0000000000000027,-240.00000000000003,sse,3333,3333,True
4444,traj-train,154,0.8640050191466826,-315.42054315664694,365.0679523461169,0.9704530137230962,0.9710488831978745,102.43602726682069,2.0000000000000027,-240.00000000000003,sse,3333,4444,False
5555,traj-train,154,1.330248540423449,-277.5186245814409,208.62163433992592,0.9930006839203072,0.9643513190453202,102.43602726682069,2.0000000000000027,-240.00000000000003,sse,3333,5555,False
1111,traj-train,154,1.5080103550066892,-271.41260568606293,179.98059813379663,0.9949888734198814,0.9968884401704455,102.43602726682069,2.0000000000000027,-240.00000000000003,sse,4444,1111,False
2222,traj-train,154,2.785520201308868,-189.10771733527164,67.8895515625459,0.9867444510818545,0.9863412803648579,102.43602726682069,2.0000000000000027,-240.00000000000003,sse,4444,2222,False
3333,traj-train,154,1.5775277666526848,-258.2205761995851,163.68686603057176,0.9977429374427301,0.9876874111758371,102.43602726682069,2.0000000000000027,-240.00000000000003,sse,4444,3333,False
4444,traj-train,154,1.3174714080897636,-286.78465009045476,217.67808267374193,0.9883724749162858,0.9889496296606604,102.43602726682069,2.0000000000000027,-240.00000000000003,sse,4444,4444,True
5555,traj-train,154,1.9648834425236619,-237.6806337493304,120.964240730767,0.9996807623857258,0.9807965002296015,102.43602726682069,2.0000000000000027,-240.00000000000003,sse,4444,5555,False
1111,traj-train,154,1.6042886869950415,-264.70114342431145,164.99595463714044,0.9969327641761261,0.99562499505577,102.43602726682069,2.0000000000000027,-240.00000000000003,sse,5555,1111,False
2222,traj-train,154,3.0098408265261143,-175.87646592132774,58.4338096457812,0.9791743403648271,0.9696830402596085,102.43602726682069,2.0000000000000027,-240.00000000000003,sse,5555,2222,False
3333,traj-train,154,1.2511623525045514,-275.6897798353539,220.34692722609793,0.9927580065973928,0.9874899801492293,102.43602726682069,2.0000000000000027,-240.00000000000003,sse,5555,3333,False
4444,traj-train,154,1.57926426071868,-269.3039298518558,170.5249314825265,0.995381568970551,0.9903140276687236,102.43602726682069,2.0000000000000027,-240.00000000000003,sse,5555,4444,False
5555,traj-train,154,1.2419212743927832,-280.32207219242923,225.71645882263195,0.9917388168446584,0.9746437300460936,102.43602726682069,2.0000000000000027,-240.00000000000003,sse,5555,5555,True
